"","school","sex","age","address","famsize","Pstatus","Medu","Fedu","Mjob","Fjob","reason","guardian","traveltime","studytime","schoolsup","famsup","activities","nursery","higher","internet","romantic","famrel","freetime","goout","Dalc","Walc","health","failures.Math","paid.Math","absences.Math","G1.Math","G2.Math","G3.Math","failures.Port","paid.Port","absences.Port","G1.Port","G2.Port","G3.Port"
"256","GP","M",16,"U","LE3","T",2,1,"at_home","other","course","mother",1,1,"no","no","yes","yes","yes","no","yes",4,4,4,3,5,5,1,"no",6,12,13,14,1,"no",6,9,10,10
"122","GP","F",17,"U","GT3","T",3,2,"other","other","home","mother",1,2,"no","yes","no","yes","yes","yes","yes",4,3,2,2,3,2,0,"yes",0,7,8,0,0,"no",0,12,13,15
"62","GP","F",16,"U","GT3","T",3,2,"other","other","reputation","mother",1,2,"no","yes","no","yes","yes","yes","no",1,2,2,1,2,1,0,"yes",14,12,13,12,0,"no",8,14,15,16
"89","GP","F",16,"U","LE3","T",3,3,"other","other","reputation","mother",2,2,"no","yes","yes","yes","yes","yes","no",4,4,5,1,1,4,0,"yes",4,10,11,9,0,"no",0,14,14,15
"346","MS","F",18,"U","GT3","T",1,1,"other","other","course","mother",2,2,"no","no","yes","yes","yes","no","no",1,1,1,1,1,5,1,"no",0,6,5,0,0,"no",6,11,12,9
"13","GP","F",15,"U","GT3","T",1,1,"other","other","home","father",1,2,"no","yes","yes","no","yes","yes","no",4,3,2,2,3,4,0,"no",2,9,10,10,0,"no",2,13,12,12
"262","GP","M",16,"U","LE3","T",4,3,"health","other","home","father",1,1,"no","no","yes","yes","yes","yes","no",3,1,3,1,3,5,0,"yes",4,8,10,10,0,"no",6,12,12,12
"106","GP","F",17,"U","GT3","A",4,3,"services","services","course","mother",1,2,"no","yes","no","yes","yes","yes","yes",5,2,2,1,2,5,0,"yes",23,13,13,13,0,"no",14,15,14,17
"199","GP","M",15,"U","GT3","T",4,4,"health","services","home","mother",1,2,"no","yes","no","no","yes","yes","no",5,4,2,3,4,5,0,"yes",0,9,11,12,0,"yes",0,10,11,11
"65","GP","F",16,"U","GT3","T",3,3,"other","other","reputation","mother",3,2,"yes","yes","yes","yes","yes","no","no",5,3,2,1,1,4,0,"no",4,8,10,10,0,"no",2,13,14,14
"3","GP","F",15,"R","GT3","T",2,2,"at_home","other","reputation","mother",1,1,"yes","yes","yes","yes","yes","no","no",4,3,1,1,1,2,0,"yes",8,14,13,13,0,"no",8,14,13,12
"234","GP","M",16,"U","GT3","T",3,2,"at_home","other","reputation","mother",2,3,"no","no","yes","yes","yes","yes","yes",5,3,3,1,3,2,0,"no",10,11,9,10,0,"no",0,12,12,12
"310","GP","M",18,"U","GT3","T",2,2,"services","other","home","mother",1,2,"no","yes","yes","yes","yes","yes","no",4,4,4,2,4,5,1,"yes",15,6,7,8,0,"no",10,12,11,11
"316","GP","M",18,"U","GT3","T",4,4,"other","other","course","mother",1,3,"no","no","yes","yes","yes","yes","no",4,3,3,2,2,3,0,"no",3,9,12,11,0,"no",0,13,14,13
"114","GP","F",17,"U","GT3","T",2,2,"other","other","course","mother",1,2,"no","yes","no","no","yes","yes","no",5,4,5,1,2,5,0,"no",4,10,9,11,0,"no",12,12,12,14
"139","GP","F",17,"U","LE3","T",3,2,"other","other","reputation","mother",2,2,"no","no","no","yes","yes","yes","no",4,4,4,1,3,1,0,"yes",2,14,15,15,0,"no",2,14,16,15
"197","GP","M",15,"U","GT3","T",4,3,"teacher","services","course","father",2,4,"yes","yes","no","yes","yes","yes","no",2,2,2,1,1,3,0,"no",0,7,9,0,0,"no",6,9,11,11
"120","GP","F",17,"U","GT3","T",3,2,"health","health","reputation","father",1,4,"no","yes","yes","no","yes","yes","no",5,2,2,1,2,5,0,"yes",0,17,17,18,0,"no",0,18,18,18
"48","GP","F",16,"U","GT3","T",1,1,"services","services","course","father",4,1,"yes","yes","yes","no","yes","yes","yes",5,5,5,5,5,5,0,"no",6,10,8,11,0,"no",0,10,10,16
"160","GP","F",18,"U","GT3","T",4,3,"other","other","course","mother",1,3,"no","yes","yes","yes","yes","yes","yes",4,3,4,1,1,5,0,"yes",9,9,10,9,0,"no",2,14,15,17
"36","GP","F",15,"U","LE3","T",3,2,"services","other","reputation","mother",1,2,"no","yes","no","yes","yes","yes","no",4,4,4,1,1,5,0,"yes",10,7,6,6,0,"no",4,12,11,11
"144","GP","F",18,"R","GT3","T",1,1,"at_home","other","course","mother",3,1,"no","yes","yes","no","yes","no","no",5,2,5,1,5,4,3,"no",6,9,8,10,3,"no",6,11,10,11
"330","GP","M",20,"U","GT3","A",3,2,"services","other","course","other",1,1,"no","no","yes","yes","yes","no","no",5,5,3,1,1,5,0,"no",0,17,18,18,2,"no",0,14,15,15
"243","GP","M",16,"U","GT3","T",4,3,"teacher","other","home","mother",1,2,"no","yes","yes","yes","yes","yes","no",3,4,3,2,3,3,0,"yes",10,9,8,8,0,"yes",4,11,10,11
"260","GP","M",16,"U","LE3","T",2,2,"services","services","reputation","father",2,1,"no","yes","yes","yes","yes","yes","no",2,3,3,2,2,2,2,"no",8,9,9,9,0,"no",4,12,11,11
"204","GP","M",15,"U","GT3","T",4,4,"teacher","health","reputation","mother",1,2,"no","yes","yes","yes","yes","no","no",3,2,2,1,1,5,0,"no",4,14,15,15,0,"no",8,15,15,16
"146","GP","F",18,"R","GT3","T",2,2,"at_home","other","course","mother",2,4,"no","no","yes","yes","yes","no","no",4,4,4,1,1,4,0,"no",0,10,9,0,0,"no",6,14,13,14
"33","GP","F",15,"U","LE3","A",3,4,"other","other","home","mother",1,2,"yes","no","yes","yes","yes","yes","yes",5,3,2,1,1,1,0,"no",0,7,10,11,0,"no",0,10,11,11
"227","GP","M",16,"U","GT3","T",1,2,"services","services","other","mother",1,1,"no","yes","yes","yes","yes","yes","yes",3,3,3,1,2,3,0,"yes",2,11,12,11,0,"no",0,10,9,11
"35","GP","F",15,"U","LE3","T",1,1,"at_home","other","other","mother",1,2,"yes","no","no","yes","yes","yes","no",4,3,2,2,3,3,3,"yes",10,7,8,10,0,"no",6,12,13,12
"235","GP","M",16,"U","GT3","T",3,2,"other","other","home","mother",1,1,"no","yes","no","no","yes","yes","no",5,4,3,1,1,5,0,"yes",0,12,14,15,0,"no",4,12,12,12
"253","GP","M",16,"U","LE3","A",4,4,"teacher","health","reputation","mother",1,2,"no","yes","no","yes","yes","no","no",4,1,3,3,5,5,0,"no",18,8,6,7,0,"no",6,9,9,10
"1","GP","F",15,"R","GT3","T",1,1,"at_home","other","home","mother",2,4,"yes","yes","yes","yes","yes","yes","no",3,1,2,1,1,1,1,"yes",2,7,10,10,0,"yes",4,13,13,13
"295","GP","M",17,"U","LE3","T",4,3,"health","other","course","mother",2,2,"no","no","yes","yes","yes","yes","yes",2,5,5,1,4,5,0,"no",14,12,12,12,0,"no",8,15,15,15
"277","GP","M",17,"U","GT3","T",1,2,"at_home","services","other","other",2,2,"no","no","yes","no","yes","yes","no",4,4,4,4,5,5,0,"yes",12,7,8,8,0,"no",16,10,11,12
"25","GP","F",15,"U","GT3","T",4,4,"services","at_home","course","mother",1,3,"no","yes","yes","yes","yes","yes","yes",4,3,3,1,1,5,0,"no",0,11,0,0,0,"no",4,13,14,15
"187","GP","M",15,"U","GT3","T",3,4,"other","other","home","mother",1,2,"no","yes","yes","yes","yes","yes","no",5,5,1,1,1,5,0,"yes",0,14,15,15,0,"no",0,12,12,13
"224","GP","M",16,"R","LE3","T",3,3,"teacher","other","home","father",3,1,"no","yes","yes","yes","yes","yes","no",3,3,4,3,5,3,0,"yes",8,9,9,10,0,"no",16,10,11,12
"185","GP","M",15,"U","GT3","T",2,3,"other","other","home","mother",1,3,"yes","no","no","no","yes","yes","no",5,3,2,1,2,5,0,"yes",4,11,10,11,0,"no",2,10,9,9
"333","MS","F",17,"R","GT3","T",1,2,"other","other","course","mother",1,1,"no","no","yes","yes","yes","yes","no",3,5,5,1,3,1,0,"no",14,6,5,5,0,"no",4,7,8,9
"124","GP","F",17,"U","GT3","T",3,4,"at_home","services","home","mother",1,3,"no","yes","no","yes","yes","yes","yes",4,4,3,3,4,5,1,"yes",28,10,9,9,1,"yes",14,8,9,8
"185.1","GP","M",15,"U","GT3","T",2,3,"other","other","home","mother",1,3,"yes","no","no","no","yes","yes","no",5,3,2,1,2,5,0,"yes",4,11,10,11,0,"no",2,10,9,9
"97","GP","F",17,"R","GT3","T",2,4,"at_home","other","course","father",1,3,"no","yes","no","yes","yes","yes","yes",4,4,3,1,1,5,0,"no",7,12,14,14,0,"no",0,15,15,15
"192","GP","M",15,"U","GT3","T",4,2,"other","other","course","mother",1,4,"no","no","no","yes","yes","yes","no",3,3,3,1,1,3,0,"no",0,10,10,10,0,"no",0,11,9,10
"280","GP","M",17,"U","GT3","T",2,3,"other","other","course","father",2,1,"no","no","no","yes","yes","yes","no",5,2,2,1,1,2,0,"no",4,12,12,13,0,"no",2,9,12,13
"185.2","GP","M",15,"U","GT3","T",2,3,"other","other","home","mother",1,3,"yes","no","no","no","yes","yes","no",5,3,2,1,2,5,0,"yes",4,11,10,11,0,"no",2,10,9,9
"7","GP","F",15,"R","GT3","T",3,4,"services","teacher","course","father",2,3,"no","yes","no","yes","yes","yes","yes",4,2,2,2,2,5,2,"no",0,12,0,0,0,"no",0,10,11,12
"111","GP","F",17,"U","GT3","T",1,1,"other","other","course","mother",1,2,"no","yes","no","no","yes","no","no",4,4,4,1,3,1,0,"yes",4,9,9,10,0,"no",0,14,15,15
"79","GP","F",16,"U","GT3","T",4,4,"teacher","services","home","mother",1,3,"no","yes","yes","no","yes","yes","no",5,3,2,1,1,5,0,"no",0,13,13,14,0,"no",4,15,16,16
"17","GP","F",15,"U","GT3","T",2,1,"services","other","reputation","father",3,3,"no","yes","yes","yes","yes","yes","no",5,2,2,1,1,4,0,"no",4,10,12,12,0,"no",0,10,12,13
"301","GP","M",18,"R","GT3","T",4,3,"teacher","services","course","mother",1,3,"no","no","no","yes","yes","yes","yes",5,3,2,1,2,4,0,"no",9,16,15,16,0,"no",4,15,14,17
"1.1","GP","F",15,"R","GT3","T",1,1,"at_home","other","home","mother",2,4,"yes","yes","yes","yes","yes","yes","no",3,1,2,1,1,1,1,"yes",2,7,10,10,0,"yes",4,13,13,13
"325","GP","M",18,"U","LE3","T",4,3,"teacher","services","course","mother",2,1,"no","no","yes","yes","yes","yes","no",4,2,3,1,2,1,0,"yes",8,10,11,10,0,"no",0,10,10,10
"331","GP","M",22,"U","GT3","T",3,1,"services","services","other","mother",1,1,"no","no","no","no","no","yes","yes",5,4,5,5,5,1,3,"no",16,6,8,8,3,"no",12,7,8,5
"151","GP","F",18,"U","GT3","T",1,1,"other","other","home","mother",2,2,"yes","no","yes","yes","yes","yes","no",5,4,4,1,1,4,0,"no",4,8,9,10,0,"no",0,12,13,13
"255","GP","M",16,"U","LE3","T",1,1,"services","other","course","mother",1,2,"no","no","no","yes","yes","no","yes",4,4,4,1,3,5,1,"no",0,14,12,12,2,"no",0,10,10,10
"80","GP","F",16,"U","LE3","A",3,3,"other","services","home","mother",1,2,"no","yes","no","yes","yes","yes","no",2,3,5,1,4,3,0,"no",12,11,12,11,0,"no",6,13,12,13
"230","GP","M",16,"U","GT3","T",2,2,"services","other","reputation","father",2,2,"no","no","yes","no","yes","yes","no",4,4,2,1,1,3,1,"yes",12,11,10,10,0,"no",6,12,10,11
"215","GP","M",15,"U","LE3","T",4,4,"health","services","course","father",1,1,"no","yes","yes","yes","yes","yes","no",4,3,3,1,3,5,0,"yes",2,14,14,14,0,"no",0,12,13,12
"237","GP","M",16,"U","GT3","T",3,3,"other","services","course","father",1,2,"no","yes","no","yes","yes","yes","yes",4,5,5,4,4,5,1,"yes",4,10,12,12,1,"no",0,10,10,1
"269","GP","M",17,"R","GT3","T",2,2,"other","other","course","father",2,2,"no","yes","yes","yes","yes","yes","no",4,5,2,1,1,1,0,"yes",4,11,11,11,0,"no",0,12,13,13
"140","GP","F",17,"U","LE3","T",3,3,"other","other","reputation","mother",1,2,"no","yes","yes","yes","yes","yes","yes",5,3,3,2,3,1,0,"no",56,9,9,8,0,"no",32,14,13,14
"314","GP","M",18,"U","GT3","T",4,3,"teacher","other","course","mother",1,2,"no","yes","no","no","yes","yes","no",4,3,2,1,1,3,0,"yes",2,8,8,8,0,"no",2,10,10,11
"7.1","GP","F",15,"R","GT3","T",3,4,"services","teacher","course","father",2,3,"no","yes","no","yes","yes","yes","yes",4,2,2,2,2,5,2,"no",0,12,0,0,0,"no",0,10,11,12
"85","GP","F",16,"U","LE3","T",2,2,"other","other","home","mother",2,2,"no","yes","yes","no","yes","yes","yes",3,3,3,1,2,3,1,"no",25,7,10,11,0,"no",16,11,11,10
"1.2","GP","F",15,"R","GT3","T",1,1,"at_home","other","home","mother",2,4,"yes","yes","yes","yes","yes","yes","no",3,1,2,1,1,1,1,"yes",2,7,10,10,0,"yes",4,13,13,13
"163","GP","F",18,"U","GT3","T",4,4,"health","health","reputation","father",1,2,"yes","yes","yes","yes","yes","yes","yes",2,4,4,1,1,4,1,"no",15,9,8,8,1,"no",2,14,12,13
"265","GP","M",17,"R","GT3","T",1,2,"at_home","at_home","home","mother",1,2,"no","yes","yes","no","yes","no","yes",3,5,2,2,2,1,0,"yes",2,15,14,14,0,"no",2,16,17,18
"23","GP","F",15,"U","GT3","T",4,2,"other","other","reputation","mother",1,3,"no","yes","yes","yes","yes","yes","no",5,3,3,1,3,1,0,"no",4,13,14,14,0,"no",4,15,15,15
"323","GP","M",18,"U","LE3","T",3,3,"services","health","home","father",1,2,"no","yes","no","yes","yes","yes","no",3,2,4,2,4,4,1,"yes",13,6,6,8,0,"no",10,10,10,10
"165","GP","F",18,"U","LE3","A",4,4,"health","other","home","mother",1,2,"no","yes","no","yes","yes","yes","yes",4,2,4,1,1,4,0,"no",14,12,10,11,0,"yes",0,14,15,15
"192.1","GP","M",15,"U","GT3","T",4,2,"other","other","course","mother",1,4,"no","no","no","yes","yes","yes","no",3,3,3,1,1,3,0,"no",0,10,10,10,0,"no",0,11,9,10
"126","GP","F",17,"U","GT3","T",4,2,"other","other","reputation","mother",2,3,"no","yes","no","yes","yes","yes","no",4,3,3,1,1,3,0,"yes",0,15,12,14,0,"no",0,16,16,16
"227.1","GP","M",16,"U","GT3","T",1,2,"services","services","other","mother",1,1,"no","yes","yes","yes","yes","yes","yes",3,3,3,1,2,3,0,"yes",2,11,12,11,0,"no",0,10,9,11
"49","GP","F",16,"U","GT3","T",1,3,"at_home","services","home","mother",1,2,"no","no","yes","no","yes","yes","yes",4,3,5,1,1,3,3,"no",0,8,7,0,0,"no",0,14,13,13
"45","GP","F",16,"U","GT3","A",3,3,"other","other","course","other",2,1,"no","yes","yes","no","yes","yes","yes",4,3,2,1,1,5,2,"no",0,4,0,0,0,"no",4,9,9,10
"95","GP","F",17,"R","GT3","T",2,1,"at_home","services","reputation","mother",2,2,"no","yes","yes","yes","yes","yes","no",4,2,5,1,2,5,0,"no",2,6,6,6,0,"no",0,11,10,11
"123","GP","F",17,"U","GT3","T",3,3,"other","other","home","mother",1,3,"no","no","yes","no","yes","no","no",3,2,3,1,1,4,0,"no",4,10,9,9,0,"no",2,15,12,13
"168","GP","F",18,"U","LE3","T",3,3,"services","services","home","mother",1,4,"no","yes","no","yes","yes","yes","no",5,3,3,1,1,1,0,"no",7,16,15,17,0,"no",4,14,14,15
"24","GP","F",15,"U","GT3","T",4,3,"services","other","reputation","mother",1,1,"no","no","yes","yes","yes","yes","no",4,5,5,1,3,1,0,"yes",4,16,17,18,0,"no",6,14,13,13
"309","GP","M",18,"U","GT3","T",2,2,"other","services","reputation","father",1,2,"no","no","no","yes","no","yes","no",5,5,4,3,5,2,1,"no",0,7,7,0,0,"no",16,8,7,8
"248","GP","M",16,"U","GT3","T",4,4,"services","teacher","other","father",1,3,"no","yes","yes","yes","yes","yes","yes",4,4,3,1,1,4,0,"no",0,16,17,17,0,"no",0,16,16,16
"305","GP","M",18,"U","GT3","T",2,1,"other","other","home","mother",1,2,"no","no","yes","yes","yes","yes","no",5,2,4,1,2,4,0,"no",8,15,14,14,0,"no",2,16,16,16
"54","GP","F",16,"U","GT3","T",2,2,"other","other","home","mother",1,2,"no","yes","no","no","yes","yes","no",5,1,5,1,1,4,0,"yes",0,6,7,0,0,"no",0,12,12,13
"231","GP","M",16,"U","GT3","T",2,3,"other","other","home","father",2,1,"no","no","no","yes","yes","yes","no",5,3,3,1,1,3,0,"no",0,13,14,14,0,"no",0,13,12,12
"296","GP","M",17,"U","LE3","T",4,3,"teacher","other","course","mother",2,2,"no","no","yes","yes","yes","yes","no",4,4,4,4,4,4,0,"yes",4,10,9,9,0,"no",0,10,11,11
"284","GP","M",17,"U","GT3","T",3,3,"other","other","reputation","father",1,2,"no","no","yes","no","yes","yes","no",4,3,4,1,4,4,0,"no",4,6,5,6,0,"no",4,11,9,10
"253.1","GP","M",16,"U","LE3","A",4,4,"teacher","health","reputation","mother",1,2,"no","yes","no","yes","yes","no","no",4,1,3,3,5,5,0,"no",18,8,6,7,0,"no",6,9,9,10
"51","GP","F",16,"U","GT3","T",2,1,"other","other","home","mother",1,1,"no","no","no","yes","yes","yes","yes",4,5,2,1,1,5,0,"no",20,13,12,12,0,"no",4,9,10,10
"299","GP","M",17,"U","LE3","T",4,4,"teacher","other","reputation","mother",1,2,"no","yes","yes","yes","yes","yes","no",4,4,4,1,3,5,0,"yes",0,13,11,10,0,"no",0,11,9,10
"181","GP","M",15,"U","GT3","A",4,4,"other","services","reputation","mother",1,4,"no","yes","yes","no","yes","yes","yes",1,3,3,5,5,3,0,"no",4,13,13,12,0,"no",0,11,12,12
"339","MS","F",17,"U","LE3","T",4,4,"at_home","at_home","course","mother",1,2,"no","yes","yes","yes","yes","yes","yes",2,3,4,1,1,1,0,"yes",0,16,15,15,0,"no",4,15,14,15
"269.1","GP","M",17,"R","GT3","T",2,2,"other","other","course","father",2,2,"no","yes","yes","yes","yes","yes","no",4,5,2,1,1,1,0,"yes",4,11,11,11,0,"no",0,12,13,13
"42","GP","F",16,"U","GT3","A",2,1,"other","other","other","mother",1,2,"no","no","yes","yes","yes","yes","yes",5,3,4,1,1,2,0,"yes",8,8,9,10,0,"no",2,12,13,12
"234.1","GP","M",16,"U","GT3","T",3,2,"at_home","other","reputation","mother",2,3,"no","no","yes","yes","yes","yes","yes",5,3,3,1,3,2,0,"no",10,11,9,10,0,"no",0,12,12,12
"220","GP","M",16,"R","GT3","T",3,3,"services","services","reputation","mother",1,1,"no","yes","yes","yes","yes","yes","no",4,3,2,3,4,5,0,"no",8,8,9,10,0,"no",0,11,10,10
"157","GP","F",18,"U","GT3","T",2,3,"other","services","reputation","father",1,4,"no","yes","yes","yes","yes","yes","yes",4,5,5,1,3,2,0,"yes",4,15,14,14,0,"no",10,16,16,16
"259","GP","M",16,"U","LE3","T",2,2,"other","other","reputation","mother",2,2,"no","yes","yes","yes","yes","yes","no",5,4,4,2,4,5,0,"no",0,13,13,12,0,"no",2,10,10,10
"45.1","GP","F",16,"U","GT3","A",3,3,"other","other","course","other",2,1,"no","yes","yes","no","yes","yes","yes",4,3,2,1,1,5,2,"no",0,4,0,0,0,"no",4,9,9,10
"117","GP","F",17,"U","GT3","T",2,4,"at_home","health","reputation","mother",2,2,"no","yes","no","yes","yes","yes","yes",4,3,3,1,1,1,0,"yes",2,10,10,10,0,"no",6,15,16,16
"261","GP","M",16,"U","LE3","T",4,2,"teacher","other","course","mother",1,2,"no","no","yes","yes","yes","yes","no",4,5,1,1,3,5,0,"no",2,15,15,16,0,"no",0,12,13,14
"256.1","GP","M",16,"U","LE3","T",2,1,"at_home","other","course","mother",1,1,"no","no","yes","yes","yes","no","yes",4,4,4,3,5,5,1,"no",6,12,13,14,1,"no",6,9,10,10
"87","GP","F",16,"U","LE3","T",2,4,"other","health","course","father",2,2,"no","yes","yes","yes","yes","yes","yes",4,2,2,1,2,5,0,"yes",2,13,13,13,0,"no",2,14,12,13
"279","GP","M",17,"U","GT3","T",2,1,"other","other","home","mother",2,1,"yes","yes","yes","yes","no","yes","no",4,5,1,1,1,3,3,"no",2,8,8,10,3,"no",0,9,9,10
"131","GP","F",17,"U","GT3","T",4,4,"services","teacher","home","mother",2,1,"no","yes","no","yes","yes","yes","no",4,2,4,2,3,2,1,"no",24,18,18,18,1,"no",30,14,15,16
"13.1","GP","F",15,"U","GT3","T",1,1,"other","other","home","father",1,2,"no","yes","yes","no","yes","yes","no",4,3,2,2,3,4,0,"no",2,9,10,10,0,"no",2,13,12,12
"18","GP","F",15,"U","GT3","T",2,2,"other","other","course","mother",1,4,"yes","yes","no","yes","yes","yes","no",5,1,2,1,1,3,0,"yes",8,7,8,8,0,"no",4,10,10,10
"288","GP","M",17,"U","GT3","T",4,4,"services","teacher","home","mother",1,1,"no","no","no","yes","yes","yes","no",5,2,3,1,2,5,0,"no",4,17,15,16,0,"no",4,13,13,14
"163.1","GP","F",18,"U","GT3","T",4,4,"health","health","reputation","father",1,2,"yes","yes","yes","yes","yes","yes","yes",2,4,4,1,1,4,1,"no",15,9,8,8,1,"no",2,14,12,13
"100","GP","F",17,"R","LE3","T",2,2,"services","services","course","mother",1,3,"no","yes","yes","yes","yes","yes","no",3,3,2,2,2,3,0,"yes",3,11,11,11,0,"no",0,11,11,10
"200","GP","M",15,"U","GT3","T",4,4,"other","teacher","reputation","father",2,2,"no","yes","yes","yes","yes","no","no",4,4,3,1,1,2,0,"no",2,11,13,14,0,"no",4,16,15,16
"241","GP","M",16,"U","GT3","T",3,4,"other","other","course","father",3,1,"no","yes","yes","no","yes","yes","no",3,4,5,2,4,2,2,"no",0,6,5,0,1,"no",4,9,9,10
"9","GP","F",15,"R","LE3","T",3,1,"other","other","reputation","father",2,4,"no","yes","no","no","yes","yes","no",4,4,2,2,3,3,0,"no",12,16,16,16,0,"no",6,15,15,15
"213","GP","M",15,"U","LE3","T",4,2,"teacher","other","course","mother",1,1,"no","no","no","yes","yes","yes","no",3,5,2,1,1,3,0,"no",10,18,19,19,0,"no",10,18,17,18
"232","GP","M",16,"U","GT3","T",3,1,"other","other","reputation","father",2,4,"no","yes","no","yes","yes","yes","no",4,3,2,1,1,5,0,"yes",0,13,15,15,0,"no",2,13,11,11
"263","GP","M",16,"U","LE3","T",4,3,"services","other","reputation","mother",1,2,"no","yes","yes","yes","yes","yes","no",5,4,2,1,2,5,0,"yes",10,15,15,15,0,"no",6,12,12,13
"336","MS","F",17,"R","GT3","T",4,4,"teacher","services","other","father",2,2,"no","yes","yes","yes","yes","yes","no",4,3,3,1,2,5,0,"yes",4,12,13,13,0,"yes",2,12,12,12
"85.1","GP","F",16,"U","LE3","T",2,2,"other","other","home","mother",2,2,"no","yes","yes","no","yes","yes","yes",3,3,3,1,2,3,1,"no",25,7,10,11,0,"no",16,11,11,10
"37","GP","F",15,"U","LE3","T",4,2,"health","other","other","mother",1,2,"no","yes","no","yes","yes","yes","no",4,3,3,1,1,5,0,"yes",2,11,13,13,0,"no",0,16,14,16
"223","GP","M",16,"R","GT3","T",4,4,"teacher","teacher","course","mother",1,1,"no","no","yes","yes","yes","yes","no",3,5,5,2,5,4,0,"yes",8,18,18,18,0,"no",8,14,14,15
"281","GP","M",17,"U","GT3","T",3,1,"services","other","other","mother",1,2,"no","no","yes","yes","yes","yes","yes",5,4,4,3,4,5,0,"yes",2,9,9,10,0,"no",0,11,11,14
"280.1","GP","M",17,"U","GT3","T",2,3,"other","other","course","father",2,1,"no","no","no","yes","yes","yes","no",5,2,2,1,1,2,0,"no",4,12,12,13,0,"no",2,9,12,13
"230.1","GP","M",16,"U","GT3","T",2,2,"services","other","reputation","father",2,2,"no","no","yes","no","yes","yes","no",4,4,2,1,1,3,1,"yes",12,11,10,10,0,"no",6,12,10,11
"37.1","GP","F",15,"U","LE3","T",4,2,"health","other","other","mother",1,2,"no","yes","no","yes","yes","yes","no",4,3,3,1,1,5,0,"yes",2,11,13,13,0,"no",0,16,14,16
"133","GP","F",17,"U","GT3","T",4,4,"teacher","teacher","course","mother",2,3,"no","yes","no","no","yes","yes","yes",4,3,3,1,2,4,0,"yes",4,14,14,14,0,"no",4,15,14,15
"322","GP","M",18,"U","LE3","T",2,2,"other","other","course","mother",1,4,"no","yes","yes","yes","yes","yes","no",4,5,5,2,4,5,0,"no",2,9,8,8,0,"yes",0,11,11,12
"170","GP","F",19,"U","GT3","T",0,1,"at_home","other","course","other",1,2,"no","yes","no","no","no","no","no",3,4,2,1,1,5,3,"no",2,7,8,9,2,"no",0,9,10,11
"336.1","MS","F",17,"R","GT3","T",4,4,"teacher","services","other","father",2,2,"no","yes","yes","yes","yes","yes","no",4,3,3,1,2,5,0,"yes",4,12,13,13,0,"yes",2,12,12,12
"113","GP","F",17,"U","GT3","T",2,2,"at_home","at_home","course","mother",1,3,"no","yes","yes","yes","yes","yes","no",4,3,3,1,1,4,0,"yes",4,9,10,10,0,"no",0,12,12,13
"306","GP","M",18,"U","GT3","T",2,1,"services","services","other","mother",1,1,"no","no","no","no","no","yes","no",3,2,5,2,5,5,1,"no",4,6,9,8,2,"no",4,7,8,6
"341","MS","F",18,"R","GT3","T",2,2,"at_home","other","other","mother",2,3,"no","no","no","yes","yes","no","no",5,3,3,1,3,4,0,"yes",2,10,9,10,0,"no",0,14,17,15
"343","MS","F",18,"R","GT3","T",4,4,"teacher","at_home","reputation","mother",3,1,"no","yes","yes","yes","yes","yes","yes",4,4,3,2,2,5,0,"yes",7,6,5,6,0,"no",4,7,9,10
"280.2","GP","M",17,"U","GT3","T",2,3,"other","other","course","father",2,1,"no","no","no","yes","yes","yes","no",5,2,2,1,1,2,0,"no",4,12,12,13,0,"no",2,9,12,13
"290","GP","M",17,"U","LE3","A",3,2,"teacher","services","home","mother",1,1,"no","no","no","yes","yes","yes","no",4,4,4,3,4,3,1,"no",19,11,9,10,0,"no",18,13,13,13
"43","GP","F",16,"U","GT3","A",2,2,"other","other","reputation","mother",1,2,"yes","yes","no","yes","yes","yes","no",3,3,4,1,1,4,0,"yes",0,12,13,14,0,"no",0,13,13,13
"60","GP","F",16,"U","GT3","T",2,3,"services","teacher","other","mother",1,2,"yes","no","no","yes","yes","yes","no",2,3,1,1,1,3,0,"no",2,16,16,17,0,"no",0,13,13,14
"65.1","GP","F",16,"U","GT3","T",3,3,"other","other","reputation","mother",3,2,"yes","yes","yes","yes","yes","no","no",5,3,2,1,1,4,0,"no",4,8,10,10,0,"no",2,13,14,14
"258","GP","M",16,"U","LE3","T",2,2,"other","other","home","mother",1,2,"no","no","no","yes","yes","yes","no",4,4,4,1,1,3,0,"no",0,12,12,11,0,"no",0,13,12,13
"134","GP","F",17,"U","LE3","T",0,2,"at_home","at_home","home","father",2,3,"no","no","no","yes","yes","yes","no",3,3,3,2,3,2,0,"no",0,16,15,15,0,"no",0,14,14,15
"47","GP","F",16,"U","GT3","T",1,1,"at_home","other","home","mother",2,1,"no","yes","no","yes","yes","no","no",4,3,2,1,4,5,0,"yes",6,9,9,10,0,"no",2,12,13,13
"245","GP","M",16,"U","GT3","T",4,4,"health","other","reputation","father",1,2,"no","yes","yes","yes","yes","yes","no",4,2,4,2,4,1,0,"yes",2,14,13,13,0,"no",0,13,13,14
"20","GP","F",15,"U","GT3","T",3,2,"health","services","home","father",1,2,"no","yes","no","yes","yes","yes","no",3,3,2,1,1,3,3,"no",0,6,7,0,1,"no",2,11,11,11
"337","MS","F",17,"U","GT3","T",2,2,"other","at_home","home","mother",1,3,"no","no","yes","yes","yes","no","yes",3,4,3,1,1,3,0,"no",8,13,11,11,0,"no",8,10,11,12
"215.1","GP","M",15,"U","LE3","T",4,4,"health","services","course","father",1,1,"no","yes","yes","yes","yes","yes","no",4,3,3,1,3,5,0,"yes",2,14,14,14,0,"no",0,12,13,12
"318","GP","M",18,"U","GT3","T",4,4,"teacher","services","home","mother",2,1,"no","no","yes","yes","yes","yes","no",3,2,4,1,4,3,0,"yes",22,9,9,9,0,"no",6,11,12,12
"258.1","GP","M",16,"U","LE3","T",2,2,"other","other","home","mother",1,2,"no","no","no","yes","yes","yes","no",4,4,4,1,1,3,0,"no",0,12,12,11,0,"no",0,13,12,13
"240","GP","M",16,"U","GT3","T",3,3,"services","other","home","mother",1,2,"no","no","yes","yes","yes","yes","yes",4,2,3,1,2,3,0,"yes",2,12,13,12,0,"no",0,11,12,13
"6","GP","F",15,"R","GT3","T",3,4,"services","health","course","mother",1,3,"yes","yes","yes","yes","yes","yes","no",4,3,2,1,1,5,0,"yes",2,12,12,11,0,"no",2,11,12,12
"243.1","GP","M",16,"U","GT3","T",4,3,"teacher","other","home","mother",1,2,"no","yes","yes","yes","yes","yes","no",3,4,3,2,3,3,0,"yes",10,9,8,8,0,"yes",4,11,10,11
"33.1","GP","F",15,"U","LE3","A",3,4,"other","other","home","mother",1,2,"yes","no","yes","yes","yes","yes","yes",5,3,2,1,1,1,0,"no",0,7,10,11,0,"no",0,10,11,11
"49.1","GP","F",16,"U","GT3","T",1,3,"at_home","services","home","mother",1,2,"no","no","yes","no","yes","yes","yes",4,3,5,1,1,3,3,"no",0,8,7,0,0,"no",0,14,13,13
"328","GP","M",19,"U","GT3","T",3,2,"services","at_home","home","mother",1,1,"no","yes","no","yes","no","yes","yes",4,5,4,1,1,4,3,"no",0,5,0,0,0,"no",6,11,9,11
"290.1","GP","M",17,"U","LE3","A",3,2,"teacher","services","home","mother",1,1,"no","no","no","yes","yes","yes","no",4,4,4,3,4,3,1,"no",19,11,9,10,0,"no",18,13,13,13
"61","GP","F",16,"U","GT3","T",3,1,"services","other","course","mother",1,4,"yes","yes","no","yes","yes","yes","no",4,3,3,1,2,5,0,"yes",4,7,7,6,0,"no",0,10,9,10
"250","GP","M",16,"U","GT3","T",4,4,"teacher","teacher","course","mother",1,1,"no","yes","no","yes","no","yes","yes",3,3,2,2,1,5,0,"no",0,7,6,0,0,"no",16,9,9,8
"353","MS","F",19,"R","GT3","T",2,3,"services","other","course","mother",1,3,"no","no","yes","no","yes","yes","no",5,4,2,1,2,5,1,"no",0,7,5,0,1,"no",4,10,11,10
"325.1","GP","M",18,"U","LE3","T",4,3,"teacher","services","course","mother",2,1,"no","no","yes","yes","yes","yes","no",4,2,3,1,2,1,0,"yes",8,10,11,10,0,"no",0,10,10,10
"150","GP","F",18,"U","GT3","A",4,4,"at_home","teacher","course","mother",2,2,"yes","no","no","yes","yes","no","no",4,3,4,1,1,3,0,"no",6,5,6,6,0,"no",4,0,11,11
"111.1","GP","F",17,"U","GT3","T",1,1,"other","other","course","mother",1,2,"no","yes","no","no","yes","no","no",4,4,4,1,3,1,0,"yes",4,9,9,10,0,"no",0,14,15,15
"304","GP","M",18,"R","LE3","T",3,3,"other","services","course","mother",1,2,"no","yes","no","yes","yes","yes","yes",4,3,3,1,3,5,1,"no",8,3,5,5,0,"no",8,10,9,10
"37.2","GP","F",15,"U","LE3","T",4,2,"health","other","other","mother",1,2,"no","yes","no","yes","yes","yes","no",4,3,3,1,1,5,0,"yes",2,11,13,13,0,"no",0,16,14,16
"111.2","GP","F",17,"U","GT3","T",1,1,"other","other","course","mother",1,2,"no","yes","no","no","yes","no","no",4,4,4,1,3,1,0,"yes",4,9,9,10,0,"no",0,14,15,15
"100.1","GP","F",17,"R","LE3","T",2,2,"services","services","course","mother",1,3,"no","yes","yes","yes","yes","yes","no",3,3,2,2,2,3,0,"yes",3,11,11,11,0,"no",0,11,11,10
"3.1","GP","F",15,"R","GT3","T",2,2,"at_home","other","reputation","mother",1,1,"yes","yes","yes","yes","yes","no","no",4,3,1,1,1,2,0,"yes",8,14,13,13,0,"no",8,14,13,12
"162","GP","F",18,"U","GT3","T",4,3,"services","other","home","father",1,2,"no","yes","no","yes","yes","yes","yes",3,1,2,1,3,2,0,"yes",21,17,18,18,0,"no",2,15,15,15
"284.1","GP","M",17,"U","GT3","T",3,3,"other","other","reputation","father",1,2,"no","no","yes","no","yes","yes","no",4,3,4,1,4,4,0,"no",4,6,5,6,0,"no",4,11,9,10
"200.1","GP","M",15,"U","GT3","T",4,4,"other","teacher","reputation","father",2,2,"no","yes","yes","yes","yes","no","no",4,4,3,1,1,2,0,"no",2,11,13,14,0,"no",4,16,15,16
"308","GP","M",18,"U","GT3","T",2,2,"other","other","home","mother",2,2,"no","yes","no","yes","yes","yes","no",3,3,3,5,5,4,0,"yes",0,12,13,13,3,"yes",9,10,9,10
"305.1","GP","M",18,"U","GT3","T",2,1,"other","other","home","mother",1,2,"no","no","yes","yes","yes","yes","no",5,2,4,1,2,4,0,"no",8,15,14,14,0,"no",2,16,16,16
"324","GP","M",18,"U","LE3","T",3,4,"services","other","home","mother",1,2,"no","no","yes","yes","yes","yes","yes",4,3,3,1,3,5,0,"no",11,16,15,15,0,"no",6,16,16,17
"281.1","GP","M",17,"U","GT3","T",3,1,"services","other","other","mother",1,2,"no","no","yes","yes","yes","yes","yes",5,4,4,3,4,5,0,"yes",2,9,9,10,0,"no",0,11,11,14
"53","GP","F",16,"U","GT3","T",2,2,"other","other","home","mother",1,2,"no","no","no","yes","yes","yes","yes",5,4,4,1,1,5,0,"yes",0,8,7,8,0,"no",0,12,11,11
"365","MS","M",18,"U","LE3","T",1,1,"other","services","home","father",2,1,"no","no","no","no","yes","yes","yes",3,3,2,1,2,3,0,"no",4,10,10,10,0,"no",2,14,13,14
"368","MS","M",19,"R","GT3","T",1,1,"other","other","home","other",3,1,"no","yes","no","yes","yes","yes","no",4,4,4,3,3,5,1,"no",4,8,8,8,1,"no",4,8,9,10
"221","GP","M",16,"R","GT3","T",4,2,"teacher","services","other","mother",1,1,"no","yes","yes","yes","yes","yes","yes",4,3,3,3,4,3,0,"no",10,10,8,9,0,"no",8,10,9,11
"30","GP","F",15,"U","GT3","T",4,4,"teacher","services","course","mother",1,3,"no","yes","yes","yes","yes","yes","no",4,2,2,1,1,5,0,"yes",2,9,11,11,0,"no",2,13,13,13
"245.1","GP","M",16,"U","GT3","T",4,4,"health","other","reputation","father",1,2,"no","yes","yes","yes","yes","yes","no",4,2,4,2,4,1,0,"yes",2,14,13,13,0,"no",0,13,13,14
"113.1","GP","F",17,"U","GT3","T",2,2,"at_home","at_home","course","mother",1,3,"no","yes","yes","yes","yes","yes","no",4,3,3,1,1,4,0,"yes",4,9,10,10,0,"no",0,12,12,13
"304.1","GP","M",18,"R","LE3","T",3,3,"other","services","course","mother",1,2,"no","yes","no","yes","yes","yes","yes",4,3,3,1,3,5,1,"no",8,3,5,5,0,"no",8,10,9,10
"139.1","GP","F",17,"U","LE3","T",3,2,"other","other","reputation","mother",2,2,"no","no","no","yes","yes","yes","no",4,4,4,1,3,1,0,"yes",2,14,15,15,0,"no",2,14,16,15
"177","GP","M",15,"R","GT3","T",4,3,"teacher","at_home","course","mother",1,2,"no","yes","yes","yes","yes","yes","yes",4,5,2,1,1,5,0,"no",0,17,16,16,0,"no",0,13,14,15
"215.2","GP","M",15,"U","LE3","T",4,4,"health","services","course","father",1,1,"no","yes","yes","yes","yes","yes","no",4,3,3,1,3,5,0,"yes",2,14,14,14,0,"no",0,12,13,12
"21","GP","F",15,"U","GT3","T",3,2,"services","other","home","mother",2,2,"yes","yes","no","yes","yes","yes","no",4,3,5,1,1,2,0,"yes",26,7,6,6,0,"no",16,11,10,10
"27","GP","F",15,"U","GT3","T",4,4,"services","services","reputation","father",2,2,"no","no","no","yes","yes","yes","yes",4,4,4,2,3,5,2,"yes",6,7,9,8,0,"no",4,12,11,12
"130","GP","F",17,"U","GT3","T",4,4,"other","teacher","course","mother",1,1,"yes","yes","no","yes","yes","no","yes",4,2,1,1,1,4,0,"no",0,11,11,12,0,"no",0,13,13,13
"279.1","GP","M",17,"U","GT3","T",2,1,"other","other","home","mother",2,1,"yes","yes","yes","yes","no","yes","no",4,5,1,1,1,3,3,"no",2,8,8,10,3,"no",0,9,9,10
"197.1","GP","M",15,"U","GT3","T",4,3,"teacher","services","course","father",2,4,"yes","yes","no","yes","yes","yes","no",2,2,2,1,1,3,0,"no",0,7,9,0,0,"no",6,9,11,11
"207","GP","M",15,"U","LE3","A",4,2,"health","health","other","father",2,1,"no","no","no","yes","yes","no","no",5,5,5,3,4,5,1,"no",6,11,11,10,0,"no",4,10,9,9
"35.1","GP","F",15,"U","LE3","T",1,1,"at_home","other","other","mother",1,2,"yes","no","no","yes","yes","yes","no",4,3,2,2,3,3,3,"yes",10,7,8,10,0,"no",6,12,13,12
"14","GP","F",15,"U","GT3","T",1,1,"other","services","course","father",1,2,"no","yes","no","yes","yes","yes","no",4,4,2,1,2,5,0,"yes",0,8,11,11,0,"no",0,12,12,12
"272","GP","M",17,"R","LE3","A",4,4,"teacher","other","course","mother",2,2,"no","yes","no","yes","yes","yes","no",3,3,3,2,3,4,0,"yes",2,10,11,12,0,"no",0,12,12,12
"10","GP","F",15,"U","GT3","A",3,3,"other","health","reputation","father",1,4,"yes","no","no","yes","yes","no","no",4,3,3,1,1,4,0,"no",10,10,11,11,0,"no",10,10,10,10
"4","GP","F",15,"R","GT3","T",2,4,"services","health","course","mother",1,3,"yes","yes","yes","yes","yes","yes","no",4,3,2,1,1,5,0,"yes",2,10,9,8,0,"no",2,10,11,10
"178","GP","M",15,"R","GT3","T",4,4,"other","other","home","father",4,4,"no","yes","yes","yes","yes","yes","yes",1,3,5,3,5,1,0,"yes",6,10,13,13,0,"no",8,12,10,11
"265.1","GP","M",17,"R","GT3","T",1,2,"at_home","at_home","home","mother",1,2,"no","yes","yes","no","yes","no","yes",3,5,2,2,2,1,0,"yes",2,15,14,14,0,"no",2,16,17,18
"79.1","GP","F",16,"U","GT3","T",4,4,"teacher","services","home","mother",1,3,"no","yes","yes","no","yes","yes","no",5,3,2,1,1,5,0,"no",0,13,13,14,0,"no",4,15,16,16
"69","GP","F",16,"U","GT3","T",4,2,"services","other","course","mother",1,2,"no","yes","no","yes","yes","yes","no",4,2,3,1,1,5,0,"no",2,15,16,16,0,"yes",2,16,15,16
"357","MS","M",17,"U","LE3","T",3,1,"services","services","course","mother",2,1,"no","no","no","no","yes","yes","no",2,4,5,3,4,2,0,"no",3,14,16,16,0,"no",6,10,10,10
"10.1","GP","F",15,"U","GT3","A",3,3,"other","health","reputation","father",1,4,"yes","no","no","yes","yes","no","no",4,3,3,1,1,4,0,"no",10,10,11,11,0,"no",10,10,10,10
"140.1","GP","F",17,"U","LE3","T",3,3,"other","other","reputation","mother",1,2,"no","yes","yes","yes","yes","yes","yes",5,3,3,2,3,1,0,"no",56,9,9,8,0,"no",32,14,13,14
"119","GP","F",17,"U","GT3","T",3,1,"services","services","course","father",1,3,"no","yes","no","no","yes","yes","no",3,4,3,2,3,5,0,"no",1,12,14,15,0,"no",0,17,18,17
"19","GP","F",15,"U","GT3","T",2,3,"other","other","other","father",2,1,"no","yes","yes","yes","yes","no","no",3,5,1,1,1,5,0,"no",0,8,7,6,0,"no",4,11,11,11
"199.1","GP","M",15,"U","GT3","T",4,4,"health","services","home","mother",1,2,"no","yes","no","no","yes","yes","no",5,4,2,3,4,5,0,"yes",0,9,11,12,0,"yes",0,10,11,11
"139.2","GP","F",17,"U","LE3","T",3,2,"other","other","reputation","mother",2,2,"no","no","no","yes","yes","yes","no",4,4,4,1,3,1,0,"yes",2,14,15,15,0,"no",2,14,16,15
"199.2","GP","M",15,"U","GT3","T",4,4,"health","services","home","mother",1,2,"no","yes","no","no","yes","yes","no",5,4,2,3,4,5,0,"yes",0,9,11,12,0,"yes",0,10,11,11
"309.1","GP","M",18,"U","GT3","T",2,2,"other","services","reputation","father",1,2,"no","no","no","yes","no","yes","no",5,5,4,3,5,2,1,"no",0,7,7,0,0,"no",16,8,7,8
"17.1","GP","F",15,"U","GT3","T",2,1,"services","other","reputation","father",3,3,"no","yes","yes","yes","yes","yes","no",5,2,2,1,1,4,0,"no",4,10,12,12,0,"no",0,10,12,13
"295.1","GP","M",17,"U","LE3","T",4,3,"health","other","course","mother",2,2,"no","no","yes","yes","yes","yes","yes",2,5,5,1,4,5,0,"no",14,12,12,12,0,"no",8,15,15,15
"260.1","GP","M",16,"U","LE3","T",2,2,"services","services","reputation","father",2,1,"no","yes","yes","yes","yes","yes","no",2,3,3,2,2,2,2,"no",8,9,9,9,0,"no",4,12,11,11
"114.1","GP","F",17,"U","GT3","T",2,2,"other","other","course","mother",1,2,"no","yes","no","no","yes","yes","no",5,4,5,1,2,5,0,"no",4,10,9,11,0,"no",12,12,12,14
"129","GP","F",17,"U","GT3","T",4,3,"other","other","reputation","mother",1,2,"no","no","no","yes","yes","yes","yes",3,4,5,2,4,1,2,"yes",22,6,6,4,0,"no",16,11,9,10
"327","GP","M",19,"R","GT3","T",3,3,"other","services","reputation","father",1,2,"no","no","yes","yes","yes","no","yes",4,5,3,1,2,5,1,"no",0,15,12,12,0,"no",0,10,10,11
"326","GP","M",18,"U","LE3","T",4,4,"teacher","teacher","home","mother",1,1,"no","yes","no","yes","yes","yes","yes",1,4,2,2,2,1,0,"yes",5,16,15,16,0,"no",0,18,18,17
"219","GP","M",16,"R","GT3","T",2,2,"at_home","other","course","mother",3,1,"no","no","no","no","yes","no","no",4,2,2,1,2,3,0,"no",2,17,15,15,0,"no",4,12,10,11
"16","GP","F",15,"U","GT3","T",1,2,"at_home","services","course","mother",1,2,"no","no","no","no","yes","yes","no",3,2,3,1,2,1,0,"no",2,16,15,15,0,"no",0,14,14,14
"214","GP","M",15,"U","LE3","T",4,3,"teacher","services","home","mother",1,3,"no","yes","yes","yes","yes","yes","no",5,4,3,1,1,4,0,"no",2,15,16,18,0,"no",0,14,14,14
"193","GP","M",15,"U","GT3","T",4,2,"teacher","other","home","mother",1,2,"no","yes","no","yes","yes","no","no",4,3,3,2,2,5,0,"yes",2,15,15,14,0,"no",4,11,12,13
"316.1","GP","M",18,"U","GT3","T",4,4,"other","other","course","mother",1,3,"no","no","yes","yes","yes","yes","no",4,3,3,2,2,3,0,"no",3,9,12,11,0,"no",0,13,14,13
"109","GP","F",17,"U","GT3","T",1,1,"at_home","other","reputation","mother",1,3,"no","yes","yes","yes","yes","no","yes",4,3,4,1,1,5,1,"no",0,6,5,0,0,"no",12,12,12,12
"357.1","MS","M",17,"U","LE3","T",3,1,"services","services","course","mother",2,1,"no","no","no","no","yes","yes","no",2,4,5,3,4,2,0,"no",3,14,16,16,0,"no",6,10,10,10
"225","GP","M",16,"U","GT3","T",0,2,"other","other","other","mother",1,1,"no","no","no","no","yes","yes","no",4,3,2,2,4,5,0,"yes",0,13,15,15,0,"no",0,11,12,11
"182","GP","M",15,"U","GT3","T",2,2,"other","other","home","mother",1,1,"no","yes","no","yes","yes","yes","no",4,2,2,1,2,5,0,"yes",2,12,12,11,0,"no",8,11,12,12
"334","MS","F",17,"R","GT3","T",1,2,"other","services","course","father",2,2,"no","no","no","no","yes","no","no",3,2,2,1,2,3,0,"no",0,12,11,12,0,"no",0,13,13,13
"289","GP","M",17,"U","GT3","T",4,4,"teacher","teacher","reputation","mother",1,2,"yes","yes","yes","yes","yes","yes","yes",4,5,5,1,3,2,0,"no",14,11,9,9,0,"no",0,13,13,13
"362","MS","M",18,"R","LE3","T",1,2,"at_home","services","other","father",3,1,"no","yes","yes","yes","no","yes","yes",4,3,3,2,3,3,0,"yes",3,14,12,12,0,"no",3,9,10,10
"155","GP","F",18,"U","GT3","T",2,2,"at_home","services","home","mother",1,3,"no","yes","yes","yes","yes","yes","yes",4,3,3,1,1,3,0,"yes",0,9,10,0,0,"no",0,11,12,13
"271","GP","M",17,"R","GT3","T",3,4,"at_home","other","course","mother",3,2,"no","no","no","yes","yes","no","no",5,4,5,2,4,5,0,"no",0,10,0,0,0,"no",2,10,9,10
"201","GP","M",15,"U","GT3","T",4,4,"services","other","course","mother",1,1,"no","yes","yes","no","yes","yes","no",5,3,3,1,1,5,0,"no",4,10,13,14,0,"yes",2,12,13,12
"210","GP","M",15,"U","LE3","T",2,2,"services","health","reputation","mother",1,4,"no","yes","yes","yes","yes","yes","no",4,3,4,1,1,4,0,"no",6,11,13,14,0,"no",2,11,12,12
"40","GP","F",16,"R","GT3","T",3,3,"services","other","reputation","father",1,3,"yes","yes","yes","yes","yes","yes","no",4,1,2,1,1,2,1,"no",0,7,10,10,0,"no",4,11,11,11
"80.1","GP","F",16,"U","LE3","A",3,3,"other","services","home","mother",1,2,"no","yes","no","yes","yes","yes","no",2,3,5,1,4,3,0,"no",12,11,12,11,0,"no",6,13,12,13
"291","GP","M",17,"U","LE3","A",4,1,"services","other","home","mother",2,1,"no","no","yes","yes","yes","yes","yes",4,5,4,2,4,5,0,"yes",30,8,8,8,0,"no",22,11,11,10
"325.2","GP","M",18,"U","LE3","T",4,3,"teacher","services","course","mother",2,1,"no","no","yes","yes","yes","yes","no",4,2,3,1,2,1,0,"yes",8,10,11,10,0,"no",0,10,10,10
"173","GP","F",19,"U","GT3","T",4,4,"health","other","reputation","other",2,2,"no","yes","yes","yes","yes","yes","no",2,3,4,2,3,2,0,"yes",0,10,9,0,0,"no",2,14,13,13
"98","GP","F",17,"R","GT3","T",3,4,"at_home","services","course","father",1,3,"no","yes","yes","no","yes","yes","no",4,3,4,2,5,5,0,"yes",0,11,11,10,0,"no",2,15,15,17
"181.1","GP","M",15,"U","GT3","A",4,4,"other","services","reputation","mother",1,4,"no","yes","yes","no","yes","yes","yes",1,3,3,5,5,3,0,"no",4,13,13,12,0,"no",0,11,12,12
"356","MS","M",17,"U","GT3","T",3,3,"health","other","course","mother",2,2,"no","yes","no","yes","yes","yes","no",4,5,4,2,3,3,0,"yes",2,13,13,13,1,"no",4,8,9,10
"312","GP","M",18,"U","GT3","T",4,2,"health","other","reputation","father",1,2,"no","yes","yes","yes","yes","yes","yes",5,4,5,1,3,5,0,"yes",10,10,9,10,0,"no",4,10,12,14
"177.1","GP","M",15,"R","GT3","T",4,3,"teacher","at_home","course","mother",1,2,"no","yes","yes","yes","yes","yes","yes",4,5,2,1,1,5,0,"no",0,17,16,16,0,"no",0,13,14,15
"222","GP","M",16,"R","GT3","T",4,3,"services","other","reputation","mother",2,1,"yes","yes","yes","no","yes","yes","no",3,3,3,1,1,4,0,"no",2,11,15,15,0,"yes",6,9,11,11
"124.1","GP","F",17,"U","GT3","T",3,4,"at_home","services","home","mother",1,3,"no","yes","no","yes","yes","yes","yes",4,4,3,3,4,5,1,"yes",28,10,9,9,1,"yes",14,8,9,8
"278","GP","M",17,"U","GT3","T",2,1,"other","other","home","mother",1,1,"no","yes","no","yes","yes","yes","no",5,4,5,1,2,5,3,"no",0,5,0,0,0,"no",22,9,7,6
"108","GP","F",17,"U","GT3","T",1,1,"at_home","other","course","father",1,2,"no","yes","no","no","yes","yes","no",5,3,3,1,1,3,0,"no",4,5,5,6,0,"no",2,9,11,11
"77","GP","F",16,"U","GT3","T",4,4,"other","other","reputation","mother",1,1,"no","no","yes","no","yes","yes","no",5,3,4,1,2,1,0,"no",6,11,14,14,0,"no",4,12,13,13
"171","GP","F",19,"U","GT3","T",3,3,"other","other","reputation","other",1,4,"no","yes","yes","yes","yes","yes","no",4,3,3,1,2,3,0,"yes",10,8,8,8,0,"no",4,12,12,12
"250.1","GP","M",16,"U","GT3","T",4,4,"teacher","teacher","course","mother",1,1,"no","yes","no","yes","no","yes","yes",3,3,2,2,1,5,0,"no",0,7,6,0,0,"no",16,9,9,8
"168.1","GP","F",18,"U","LE3","T",3,3,"services","services","home","mother",1,4,"no","yes","no","yes","yes","yes","no",5,3,3,1,1,1,0,"no",7,16,15,17,0,"no",4,14,14,15
"281.2","GP","M",17,"U","GT3","T",3,1,"services","other","other","mother",1,2,"no","no","yes","yes","yes","yes","yes",5,4,4,3,4,5,0,"yes",2,9,9,10,0,"no",0,11,11,14
"228","GP","M",16,"U","GT3","T",2,1,"other","other","course","mother",3,1,"no","no","no","yes","yes","yes","no",4,3,3,1,1,4,0,"no",6,18,18,18,0,"no",7,15,16,16
"99","GP","F",17,"R","GT3","T",4,3,"teacher","other","reputation","mother",2,3,"no","yes","yes","yes","yes","yes","yes",4,4,2,1,1,4,0,"yes",6,7,7,7,0,"no",0,11,12,12
"241.1","GP","M",16,"U","GT3","T",3,4,"other","other","course","father",3,1,"no","yes","yes","no","yes","yes","no",3,4,5,2,4,2,2,"no",0,6,5,0,1,"no",4,9,9,10
"191","GP","M",15,"U","GT3","T",4,2,"health","services","other","mother",1,1,"no","no","no","yes","yes","yes","no",2,2,4,2,4,1,0,"yes",4,15,16,15,0,"no",0,11,11,11
"23.1","GP","F",15,"U","GT3","T",4,2,"other","other","reputation","mother",1,3,"no","yes","yes","yes","yes","yes","no",5,3,3,1,3,1,0,"no",4,13,14,14,0,"no",4,15,15,15
"30.1","GP","F",15,"U","GT3","T",4,4,"teacher","services","course","mother",1,3,"no","yes","yes","yes","yes","yes","no",4,2,2,1,1,5,0,"yes",2,9,11,11,0,"no",2,13,13,13
"139.3","GP","F",17,"U","LE3","T",3,2,"other","other","reputation","mother",2,2,"no","no","no","yes","yes","yes","no",4,4,4,1,3,1,0,"yes",2,14,15,15,0,"no",2,14,16,15
"151.1","GP","F",18,"U","GT3","T",1,1,"other","other","home","mother",2,2,"yes","no","yes","yes","yes","yes","no",5,4,4,1,1,4,0,"no",4,8,9,10,0,"no",0,12,13,13
"246","GP","M",16,"U","GT3","T",4,4,"services","services","course","mother",1,1,"no","no","yes","yes","yes","yes","no",5,3,2,1,2,5,0,"no",0,13,12,12,0,"yes",4,14,15,15
"41","GP","F",16,"R","GT3","T",4,4,"health","teacher","other","mother",1,2,"no","yes","yes","yes","yes","no","no",2,4,4,2,3,4,0,"no",6,10,11,11,0,"no",0,17,16,16
"118","GP","F",17,"U","GT3","T",2,4,"services","services","reputation","father",1,2,"no","yes","yes","yes","yes","no","no",5,4,2,2,3,5,0,"no",0,16,17,17,0,"no",0,17,18,17
"284.2","GP","M",17,"U","GT3","T",3,3,"other","other","reputation","father",1,2,"no","no","yes","no","yes","yes","no",4,3,4,1,4,4,0,"no",4,6,5,6,0,"no",4,11,9,10
"257","GP","M",16,"U","LE3","T",2,1,"other","other","course","mother",1,2,"no","no","yes","yes","yes","yes","yes",4,2,3,1,2,5,0,"yes",0,15,15,15,0,"no",0,13,14,16
"352","MS","F",18,"U","LE3","T",3,1,"teacher","services","course","mother",1,2,"no","yes","no","yes","yes","yes","no",4,3,4,1,1,1,0,"yes",0,7,9,8,0,"no",4,15,15,16
"287","GP","M",17,"U","GT3","T",4,3,"other","other","course","mother",1,2,"no","yes","yes","yes","yes","yes","yes",5,2,3,1,1,2,0,"no",4,10,10,11,0,"yes",4,11,11,13
"31","GP","F",15,"U","GT3","T",4,4,"teacher","teacher","course","mother",2,1,"no","no","yes","yes","yes","yes","no",4,3,2,1,1,5,0,"no",0,16,16,15,0,"no",6,13,14,14
"310.1","GP","M",18,"U","GT3","T",2,2,"services","other","home","mother",1,2,"no","yes","yes","yes","yes","yes","no",4,4,4,2,4,5,1,"yes",15,6,7,8,0,"no",10,12,11,11
"72","GP","F",16,"U","GT3","T",4,3,"other","at_home","course","mother",1,3,"yes","yes","no","yes","yes","yes","no",5,3,5,1,1,3,0,"yes",0,7,9,8,0,"no",2,12,13,13
"273","GP","M",17,"R","LE3","T",1,1,"other","services","course","mother",4,2,"no","no","yes","yes","no","no","yes",5,3,5,1,5,5,3,"no",0,5,8,7,0,"no",0,8,8,8
"146.1","GP","F",18,"R","GT3","T",2,2,"at_home","other","course","mother",2,4,"no","no","yes","yes","yes","no","no",4,4,4,1,1,4,0,"no",0,10,9,0,0,"no",6,14,13,14
"3.2","GP","F",15,"R","GT3","T",2,2,"at_home","other","reputation","mother",1,1,"yes","yes","yes","yes","yes","no","no",4,3,1,1,1,2,0,"yes",8,14,13,13,0,"no",8,14,13,12
"190","GP","M",15,"U","GT3","T",4,0,"teacher","other","course","mother",2,4,"no","no","yes","yes","yes","yes","no",3,4,3,1,1,1,0,"no",8,11,11,10,0,"no",0,12,11,11
"220.1","GP","M",16,"R","GT3","T",3,3,"services","services","reputation","mother",1,1,"no","yes","yes","yes","yes","yes","no",4,3,2,3,4,5,0,"no",8,8,9,10,0,"no",0,11,10,10
"369","MS","M",19,"R","GT3","T",1,1,"other","services","home","other",3,2,"no","no","no","yes","yes","yes","no",5,4,4,3,3,2,3,"no",8,8,7,8,1,"no",8,10,9,11
"62.1","GP","F",16,"U","GT3","T",3,2,"other","other","reputation","mother",1,2,"no","yes","no","yes","yes","yes","no",1,2,2,1,2,1,0,"yes",14,12,13,12,0,"no",8,14,15,16
"299.1","GP","M",17,"U","LE3","T",4,4,"teacher","other","reputation","mother",1,2,"no","yes","yes","yes","yes","yes","no",4,4,4,1,3,5,0,"yes",0,13,11,10,0,"no",0,11,9,10
"147","GP","F",18,"R","GT3","T",3,1,"other","other","reputation","mother",1,2,"no","no","yes","yes","yes","yes","yes",5,3,3,1,1,4,1,"no",16,9,8,7,0,"no",4,8,8,8
"34","GP","F",15,"U","LE3","A",4,3,"other","other","course","mother",1,2,"yes","yes","yes","yes","yes","yes","yes",5,2,2,1,1,5,0,"yes",8,8,8,6,0,"yes",4,10,11,11
"168.2","GP","F",18,"U","LE3","T",3,3,"services","services","home","mother",1,4,"no","yes","no","yes","yes","yes","no",5,3,3,1,1,1,0,"no",7,16,15,17,0,"no",4,14,14,15
"362.1","MS","M",18,"R","LE3","T",1,2,"at_home","services","other","father",3,1,"no","yes","yes","yes","no","yes","yes",4,3,3,2,3,3,0,"yes",3,14,12,12,0,"no",3,9,10,10
"20.1","GP","F",15,"U","GT3","T",3,2,"health","services","home","father",1,2,"no","yes","no","yes","yes","yes","no",3,3,2,1,1,3,3,"no",0,6,7,0,1,"no",2,11,11,11
"161","GP","F",18,"U","GT3","T",4,3,"other","other","reputation","father",1,4,"no","yes","no","yes","yes","yes","no",4,3,3,1,1,3,0,"yes",0,14,13,14,0,"no",0,16,17,17
"363","MS","M",18,"R","LE3","T",3,2,"services","other","course","mother",3,1,"no","no","no","no","yes","yes","no",4,4,1,3,4,5,0,"no",0,11,12,10,0,"no",4,10,11,11
"107","GP","F",17,"U","GT3","A",4,4,"other","teacher","home","mother",2,2,"yes","yes","no","yes","yes","no","no",4,1,4,1,1,1,0,"no",6,6,5,6,0,"no",2,10,13,13
"233","GP","M",16,"U","GT3","T",3,1,"other","other","reputation","mother",1,1,"no","no","yes","yes","yes","no","no",5,3,2,2,2,5,0,"no",2,12,12,14,0,"no",0,13,13,14
"261.1","GP","M",16,"U","LE3","T",4,2,"teacher","other","course","mother",1,2,"no","no","yes","yes","yes","yes","no",4,5,1,1,3,5,0,"no",2,15,15,16,0,"no",0,12,13,14
"44","GP","F",16,"U","GT3","A",3,1,"services","other","course","mother",1,2,"no","yes","no","yes","yes","yes","no",2,3,3,2,2,4,3,"yes",5,7,7,7,0,"no",2,11,11,12
"111.3","GP","F",17,"U","GT3","T",1,1,"other","other","course","mother",1,2,"no","yes","no","no","yes","no","no",4,4,4,1,3,1,0,"yes",4,9,9,10,0,"no",0,14,15,15
"142","GP","F",17,"U","LE3","T",4,3,"health","other","reputation","father",1,2,"no","no","yes","yes","yes","yes","yes",3,2,3,1,2,3,0,"no",14,13,13,14,0,"no",0,14,12,12
"216","GP","M",15,"U","LE3","T",4,4,"teacher","other","home","other",1,1,"no","yes","no","no","yes","yes","yes",5,4,3,2,4,5,0,"no",8,12,12,12,0,"no",8,10,11,11
"108.1","GP","F",17,"U","GT3","T",1,1,"at_home","other","course","father",1,2,"no","yes","no","no","yes","yes","no",5,3,3,1,1,3,0,"no",4,5,5,6,0,"no",2,9,11,11
"335","MS","F",17,"R","GT3","T",3,1,"at_home","other","reputation","mother",1,2,"no","yes","yes","no","yes","yes","no",4,5,4,2,3,1,0,"yes",17,10,10,10,0,"no",10,8,9,9
"251","GP","M",16,"U","GT3","T",4,4,"teacher","teacher","home","mother",1,2,"no","yes","yes","yes","yes","yes","yes",4,4,5,5,5,5,0,"yes",16,10,12,11,0,"yes",4,12,11,12
"116","GP","F",17,"U","GT3","T",2,3,"at_home","other","home","father",2,1,"no","yes","no","yes","yes","no","no",3,3,3,1,4,3,0,"yes",3,7,7,8,0,"no",4,12,13,13
"145","GP","F",18,"R","GT3","T",2,1,"other","other","reputation","mother",2,2,"no","yes","no","yes","no","yes","yes",4,3,5,1,2,3,0,"no",0,6,0,0,0,"no",12,8,9,10
"333.1","MS","F",17,"R","GT3","T",1,2,"other","other","course","mother",1,1,"no","no","yes","yes","yes","yes","no",3,5,5,1,3,1,0,"no",14,6,5,5,0,"no",4,7,8,9
"146.2","GP","F",18,"R","GT3","T",2,2,"at_home","other","course","mother",2,4,"no","no","yes","yes","yes","no","no",4,4,4,1,1,4,0,"no",0,10,9,0,0,"no",6,14,13,14
"168.3","GP","F",18,"U","LE3","T",3,3,"services","services","home","mother",1,4,"no","yes","no","yes","yes","yes","no",5,3,3,1,1,1,0,"no",7,16,15,17,0,"no",4,14,14,15
"280.3","GP","M",17,"U","GT3","T",2,3,"other","other","course","father",2,1,"no","no","no","yes","yes","yes","no",5,2,2,1,1,2,0,"no",4,12,12,13,0,"no",2,9,12,13
"319","GP","M",18,"U","LE3","A",4,4,"teacher","teacher","reputation","mother",1,2,"no","yes","yes","yes","yes","yes","no",5,4,3,1,1,2,0,"yes",9,15,13,15,0,"no",0,17,17,17
"180","GP","M",15,"U","GT3","A",3,4,"services","other","course","mother",1,2,"no","yes","yes","yes","yes","yes","no",5,4,4,1,1,1,0,"yes",0,16,18,18,0,"no",0,16,16,16
"341.1","MS","F",18,"R","GT3","T",2,2,"at_home","other","other","mother",2,3,"no","no","no","yes","yes","no","no",5,3,3,1,3,4,0,"yes",2,10,9,10,0,"no",0,14,17,15
"56","GP","F",16,"U","GT3","T",2,2,"services","other","reputation","mother",2,2,"no","no","yes","no","yes","yes","no",3,4,4,1,4,5,0,"yes",2,13,13,11,0,"no",0,13,12,14
"150.1","GP","F",18,"U","GT3","A",4,4,"at_home","teacher","course","mother",2,2,"yes","no","no","yes","yes","no","no",4,3,4,1,1,3,0,"no",6,5,6,6,0,"no",4,0,11,11
"331.1","GP","M",22,"U","GT3","T",3,1,"services","services","other","mother",1,1,"no","no","no","no","no","yes","yes",5,4,5,5,5,1,3,"no",16,6,8,8,3,"no",12,7,8,5
"358","MS","M",18,"R","GT3","T",1,3,"at_home","other","course","mother",2,2,"no","yes","no","yes","yes","no","no",3,3,4,2,4,3,0,"yes",4,10,10,10,0,"yes",0,8,10,9
"61.1","GP","F",16,"U","GT3","T",3,1,"services","other","course","mother",1,4,"yes","yes","no","yes","yes","yes","no",4,3,3,1,2,5,0,"yes",4,7,7,6,0,"no",0,10,9,10
"184","GP","M",15,"U","GT3","T",2,2,"services","services","home","father",1,4,"no","yes","yes","yes","yes","yes","no",5,5,4,1,2,5,0,"yes",6,16,14,15,0,"no",6,14,13,13
"151.2","GP","F",18,"U","GT3","T",1,1,"other","other","home","mother",2,2,"yes","no","yes","yes","yes","yes","no",5,4,4,1,1,4,0,"no",4,8,9,10,0,"no",0,12,13,13
"265.2","GP","M",17,"R","GT3","T",1,2,"at_home","at_home","home","mother",1,2,"no","yes","yes","no","yes","no","yes",3,5,2,2,2,1,0,"yes",2,15,14,14,0,"no",2,16,17,18
"359","MS","M",18,"R","GT3","T",2,1,"other","other","other","mother",2,1,"no","no","yes","no","yes","yes","yes",4,4,3,1,3,5,0,"no",5,7,6,7,0,"no",0,7,7,0
"115","GP","F",17,"U","GT3","T",2,2,"other","other","course","mother",1,2,"no","yes","no","yes","yes","no","yes",4,2,2,1,1,3,0,"no",12,11,9,9,0,"no",4,14,13,13
"154","GP","F",18,"U","GT3","T",2,2,"at_home","at_home","other","mother",1,3,"no","yes","no","yes","yes","yes","no",4,3,3,1,2,2,0,"yes",5,18,18,19,0,"no",0,18,18,18
"255.1","GP","M",16,"U","LE3","T",1,1,"services","other","course","mother",1,2,"no","no","no","yes","yes","no","yes",4,4,4,1,3,5,1,"no",0,14,12,12,2,"no",0,10,10,10
"30.2","GP","F",15,"U","GT3","T",4,4,"teacher","services","course","mother",1,3,"no","yes","yes","yes","yes","yes","no",4,2,2,1,1,5,0,"yes",2,9,11,11,0,"no",2,13,13,13
"104","GP","F",17,"U","GT3","A",2,2,"at_home","at_home","home","father",1,2,"no","yes","no","yes","yes","yes","yes",3,3,1,1,2,4,1,"no",0,9,8,0,0,"no",18,10,12,14
"272.1","GP","M",17,"R","LE3","A",4,4,"teacher","other","course","mother",2,2,"no","yes","no","yes","yes","yes","no",3,3,3,2,3,4,0,"yes",2,10,11,12,0,"no",0,12,12,12
"125","GP","F",17,"U","GT3","T",3,4,"services","other","course","mother",1,3,"no","no","no","yes","yes","yes","no",4,4,5,1,3,5,0,"no",16,16,15,15,0,"no",8,11,13,14
"272.2","GP","M",17,"R","LE3","A",4,4,"teacher","other","course","mother",2,2,"no","yes","no","yes","yes","yes","no",3,3,3,2,3,4,0,"yes",2,10,11,12,0,"no",0,12,12,12
"169","GP","F",18,"U","LE3","T",4,3,"other","other","home","other",2,2,"no","yes","no","yes","yes","yes","yes",4,4,5,1,2,2,0,"yes",10,10,8,8,0,"no",0,13,14,14
"141","GP","F",17,"U","LE3","T",4,2,"teacher","services","reputation","mother",1,4,"no","yes","yes","yes","yes","yes","no",4,2,3,1,1,4,0,"yes",6,14,12,13,0,"no",2,14,15,17
"90","GP","F",16,"U","LE3","T",4,3,"teacher","services","course","mother",3,2,"no","yes","yes","yes","yes","yes","no",5,4,3,1,2,1,0,"no",2,16,15,15,0,"no",2,16,15,16
"80.2","GP","F",16,"U","LE3","A",3,3,"other","services","home","mother",1,2,"no","yes","no","yes","yes","yes","no",2,3,5,1,4,3,0,"no",12,11,12,11,0,"no",6,13,12,13
"108.2","GP","F",17,"U","GT3","T",1,1,"at_home","other","course","father",1,2,"no","yes","no","no","yes","yes","no",5,3,3,1,1,3,0,"no",4,5,5,6,0,"no",2,9,11,11
"74","GP","F",16,"U","GT3","T",4,3,"teacher","other","other","mother",1,2,"no","no","yes","yes","yes","yes","yes",1,3,2,1,1,1,0,"yes",10,11,12,13,0,"no",4,14,15,15
"203","GP","M",15,"U","GT3","T",4,4,"services","teacher","course","father",1,2,"no","yes","yes","yes","yes","yes","no",4,3,3,1,1,5,0,"no",2,19,18,18,0,"no",0,14,15,15
"8","GP","F",15,"R","LE3","T",2,2,"health","services","reputation","mother",2,2,"yes","yes","no","yes","yes","yes","no",4,1,3,1,3,4,0,"yes",2,8,9,8,0,"no",0,11,10,11
"140.2","GP","F",17,"U","LE3","T",3,3,"other","other","reputation","mother",1,2,"no","yes","yes","yes","yes","yes","yes",5,3,3,2,3,1,0,"no",56,9,9,8,0,"no",32,14,13,14
"325.3","GP","M",18,"U","LE3","T",4,3,"teacher","services","course","mother",2,1,"no","no","yes","yes","yes","yes","no",4,2,3,1,2,1,0,"yes",8,10,11,10,0,"no",0,10,10,10
"352.1","MS","F",18,"U","LE3","T",3,1,"teacher","services","course","mother",1,2,"no","yes","no","yes","yes","yes","no",4,3,4,1,1,1,0,"yes",0,7,9,8,0,"no",4,15,15,16
"149","GP","F",18,"R","LE3","T",1,1,"at_home","other","reputation","mother",2,4,"no","yes","yes","yes","yes","no","no",5,2,2,1,1,3,0,"yes",1,12,12,12,0,"no",2,17,17,18
"226","GP","M",16,"U","GT3","T",1,0,"other","other","reputation","mother",2,2,"no","yes","yes","yes","yes","yes","yes",4,3,2,1,1,3,0,"yes",2,13,15,16,0,"no",0,16,17,18
"72.1","GP","F",16,"U","GT3","T",4,3,"other","at_home","course","mother",1,3,"yes","yes","no","yes","yes","yes","no",5,3,5,1,1,3,0,"yes",0,7,9,8,0,"no",2,12,13,13
"82","GP","F",16,"U","LE3","T",1,2,"other","services","reputation","father",1,2,"yes","no","yes","yes","yes","yes","no",4,4,3,1,1,1,0,"no",4,8,10,9,0,"no",0,13,13,10
"257.1","GP","M",16,"U","LE3","T",2,1,"other","other","course","mother",1,2,"no","no","yes","yes","yes","yes","yes",4,2,3,1,2,5,0,"yes",0,15,15,15,0,"no",0,13,14,16
"318.1","GP","M",18,"U","GT3","T",4,4,"teacher","services","home","mother",2,1,"no","no","yes","yes","yes","yes","no",3,2,4,1,4,3,0,"yes",22,9,9,9,0,"no",6,11,12,12
"163.2","GP","F",18,"U","GT3","T",4,4,"health","health","reputation","father",1,2,"yes","yes","yes","yes","yes","yes","yes",2,4,4,1,1,4,1,"no",15,9,8,8,1,"no",2,14,12,13
"45.2","GP","F",16,"U","GT3","A",3,3,"other","other","course","other",2,1,"no","yes","yes","no","yes","yes","yes",4,3,2,1,1,5,2,"no",0,4,0,0,0,"no",4,9,9,10
"157.1","GP","F",18,"U","GT3","T",2,3,"other","services","reputation","father",1,4,"no","yes","yes","yes","yes","yes","yes",4,5,5,1,3,2,0,"yes",4,15,14,14,0,"no",10,16,16,16
"273.1","GP","M",17,"R","LE3","T",1,1,"other","services","course","mother",4,2,"no","no","yes","yes","no","no","yes",5,3,5,1,5,5,3,"no",0,5,8,7,0,"no",0,8,8,8
"72.2","GP","F",16,"U","GT3","T",4,3,"other","at_home","course","mother",1,3,"yes","yes","no","yes","yes","yes","no",5,3,5,1,1,3,0,"yes",0,7,9,8,0,"no",2,12,13,13
"337.1","MS","F",17,"U","GT3","T",2,2,"other","at_home","home","mother",1,3,"no","no","yes","yes","yes","no","yes",3,4,3,1,1,3,0,"no",8,13,11,11,0,"no",8,10,11,12
"304.2","GP","M",18,"R","LE3","T",3,3,"other","services","course","mother",1,2,"no","yes","no","yes","yes","yes","yes",4,3,3,1,3,5,1,"no",8,3,5,5,0,"no",8,10,9,10
"195","GP","M",15,"U","GT3","T",4,3,"teacher","other","home","mother",1,2,"no","yes","yes","yes","yes","yes","no",4,3,3,2,3,5,0,"yes",6,9,9,10,0,"no",0,11,11,11
"217","GP","M",16,"R","GT3","A",4,4,"other","teacher","reputation","mother",2,3,"no","yes","yes","yes","yes","yes","yes",2,4,3,1,1,5,0,"no",7,15,16,15,0,"no",4,13,13,13
"52","GP","F",16,"U","GT3","T",2,2,"at_home","other","home","mother",1,2,"yes","no","yes","yes","yes","yes","no",3,1,2,1,1,5,1,"no",6,10,13,13,1,"no",12,8,10,10
"174","GP","M",15,"R","GT3","T",2,1,"health","services","reputation","mother",1,2,"no","no","yes","yes","yes","yes","yes",5,4,2,1,1,5,0,"no",8,9,9,9,0,"no",4,10,9,10
"39","GP","F",16,"R","GT3","T",2,2,"services","services","reputation","mother",2,4,"no","yes","yes","no","yes","yes","no",5,3,5,1,1,5,0,"yes",6,10,10,11,0,"no",6,13,13,13
"49.2","GP","F",16,"U","GT3","T",1,3,"at_home","services","home","mother",1,2,"no","no","yes","no","yes","yes","yes",4,3,5,1,1,3,3,"no",0,8,7,0,0,"no",0,14,13,13
"229","GP","M",16,"U","GT3","T",2,2,"other","other","course","father",1,2,"no","no","no","yes","no","yes","no",4,3,5,2,4,4,0,"no",4,10,10,10,0,"no",0,9,10,11
"297","GP","M",17,"U","LE3","T",4,4,"other","teacher","home","father",2,1,"no","no","no","yes","yes","yes","no",4,1,1,2,2,5,0,"yes",0,11,11,10,0,"no",0,12,13,13
"132","GP","F",17,"U","GT3","T",4,4,"teacher","services","course","mother",1,3,"no","yes","yes","yes","yes","yes","no",5,4,4,1,3,4,0,"yes",7,10,9,9,0,"no",0,13,12,13
"81","GP","F",16,"U","LE3","T",1,1,"at_home","at_home","course","mother",1,1,"no","no","no","yes","yes","yes","no",3,4,4,3,3,1,0,"no",2,14,14,13,0,"no",4,10,11,11
"215.3","GP","M",15,"U","LE3","T",4,4,"health","services","course","father",1,1,"no","yes","yes","yes","yes","yes","no",4,3,3,1,3,5,0,"yes",2,14,14,14,0,"no",0,12,13,12
"264","GP","M",16,"U","LE3","T",4,3,"teacher","other","course","mother",1,1,"no","no","yes","no","yes","yes","no",5,4,5,1,1,3,0,"no",0,6,0,0,0,"no",7,14,14,15
"140.3","GP","F",17,"U","LE3","T",3,3,"other","other","reputation","mother",1,2,"no","yes","yes","yes","yes","yes","yes",5,3,3,2,3,1,0,"no",56,9,9,8,0,"no",32,14,13,14
"162.1","GP","F",18,"U","GT3","T",4,3,"services","other","home","father",1,2,"no","yes","no","yes","yes","yes","yes",3,1,2,1,3,2,0,"yes",21,17,18,18,0,"no",2,15,15,15
"323.1","GP","M",18,"U","LE3","T",3,3,"services","health","home","father",1,2,"no","yes","no","yes","yes","yes","no",3,2,4,2,4,4,1,"yes",13,6,6,8,0,"no",10,10,10,10
"359.1","MS","M",18,"R","GT3","T",2,1,"other","other","other","mother",2,1,"no","no","yes","no","yes","yes","yes",4,4,3,1,3,5,0,"no",5,7,6,7,0,"no",0,7,7,0
"75","GP","F",16,"U","GT3","T",4,4,"health","health","reputation","mother",1,2,"no","yes","no","yes","yes","yes","yes",4,4,2,1,1,3,0,"yes",0,14,14,14,0,"no",0,16,16,17
"196","GP","M",15,"U","GT3","T",4,3,"teacher","other","reputation","mother",1,2,"no","no","no","yes","yes","yes","no",4,4,1,1,1,1,0,"no",0,13,14,15,0,"no",0,12,13,14
"220.2","GP","M",16,"R","GT3","T",3,3,"services","services","reputation","mother",1,1,"no","yes","yes","yes","yes","yes","no",4,3,2,3,4,5,0,"no",8,8,9,10,0,"no",0,11,10,10
"185.3","GP","M",15,"U","GT3","T",2,3,"other","other","home","mother",1,3,"yes","no","no","no","yes","yes","no",5,3,2,1,2,5,0,"yes",4,11,10,11,0,"no",2,10,9,9
"321","GP","M",18,"U","LE3","T",2,1,"at_home","other","course","mother",4,2,"yes","yes","yes","yes","yes","yes","yes",4,3,2,4,5,3,0,"yes",14,10,8,9,0,"no",2,9,10,11
"111.4","GP","F",17,"U","GT3","T",1,1,"other","other","course","mother",1,2,"no","yes","no","no","yes","no","no",4,4,4,1,3,1,0,"yes",4,9,9,10,0,"no",0,14,15,15
"95.1","GP","F",17,"R","GT3","T",2,1,"at_home","services","reputation","mother",2,2,"no","yes","yes","yes","yes","yes","no",4,2,5,1,2,5,0,"no",2,6,6,6,0,"no",0,11,10,11
"137","GP","F",17,"U","LE3","T",2,2,"services","services","course","father",1,4,"no","no","yes","yes","yes","yes","yes",3,4,1,1,1,2,0,"yes",0,10,9,0,0,"no",2,10,11,12
"270","GP","M",17,"R","GT3","T",2,2,"services","other","course","mother",4,1,"no","yes","no","yes","yes","yes","no",4,4,5,5,5,4,0,"no",8,11,10,10,0,"no",2,11,10,10
"69.1","GP","F",16,"U","GT3","T",4,2,"services","other","course","mother",1,2,"no","yes","no","yes","yes","yes","no",4,2,3,1,1,5,0,"no",2,15,16,16,0,"yes",2,16,15,16
"94","GP","F",17,"R","GT3","T",2,1,"at_home","services","course","mother",3,2,"no","no","yes","yes","yes","no","no",2,1,1,1,1,3,0,"no",2,13,11,11,0,"no",2,13,13,13
"97.1","GP","F",17,"R","GT3","T",2,4,"at_home","other","course","father",1,3,"no","yes","no","yes","yes","yes","yes",4,4,3,1,1,5,0,"no",7,12,14,14,0,"no",0,15,15,15
"136","GP","F",17,"U","LE3","T",2,2,"services","other","course","mother",2,2,"yes","yes","no","yes","yes","yes","yes",4,4,4,2,3,5,0,"yes",6,12,12,12,0,"no",6,12,12,12
"284.3","GP","M",17,"U","GT3","T",3,3,"other","other","reputation","father",1,2,"no","no","yes","no","yes","yes","no",4,3,4,1,4,4,0,"no",4,6,5,6,0,"no",4,11,9,10
"359.2","MS","M",18,"R","GT3","T",2,1,"other","other","other","mother",2,1,"no","no","yes","no","yes","yes","yes",4,4,3,1,3,5,0,"no",5,7,6,7,0,"no",0,7,7,0
"97.2","GP","F",17,"R","GT3","T",2,4,"at_home","other","course","father",1,3,"no","yes","no","yes","yes","yes","yes",4,4,3,1,1,5,0,"no",7,12,14,14,0,"no",0,15,15,15
"241.2","GP","M",16,"U","GT3","T",3,4,"other","other","course","father",3,1,"no","yes","yes","no","yes","yes","no",3,4,5,2,4,2,2,"no",0,6,5,0,1,"no",4,9,9,10
"345","MS","F",18,"R","LE3","T",4,4,"teacher","services","course","mother",1,2,"no","no","yes","yes","yes","yes","no",5,4,3,3,4,2,0,"yes",4,8,9,10,0,"no",1,13,14,14
"317","GP","M",18,"U","GT3","T",4,4,"teacher","services","home","father",1,2,"no","yes","yes","yes","yes","yes","no",4,3,3,2,2,2,1,"no",0,10,10,0,0,"no",0,12,12,13
"53.1","GP","F",16,"U","GT3","T",2,2,"other","other","home","mother",1,2,"no","no","no","yes","yes","yes","yes",5,4,4,1,1,5,0,"yes",0,8,7,8,0,"no",0,12,11,11
"308.1","GP","M",18,"U","GT3","T",2,2,"other","other","home","mother",2,2,"no","yes","no","yes","yes","yes","no",3,3,3,5,5,4,0,"yes",0,12,13,13,3,"yes",9,10,9,10
"335.1","MS","F",17,"R","GT3","T",3,1,"at_home","other","reputation","mother",1,2,"no","yes","yes","no","yes","yes","no",4,5,4,2,3,1,0,"yes",17,10,10,10,0,"no",10,8,9,9
"186","GP","M",15,"U","GT3","T",2,3,"other","services","course","father",1,1,"yes","yes","yes","no","yes","yes","yes",3,2,2,1,3,3,0,"yes",2,10,12,12,0,"no",0,11,11,12
"11","GP","F",15,"U","GT3","A",4,3,"services","services","reputation","mother",1,2,"no","yes","yes","yes","yes","yes","no",4,3,2,1,1,1,0,"yes",0,14,15,15,0,"no",0,15,14,15
"171.1","GP","F",19,"U","GT3","T",3,3,"other","other","reputation","other",1,4,"no","yes","yes","yes","yes","yes","no",4,3,3,1,2,3,0,"yes",10,8,8,8,0,"no",4,12,12,12
"341.2","MS","F",18,"R","GT3","T",2,2,"at_home","other","other","mother",2,3,"no","no","no","yes","yes","no","no",5,3,3,1,3,4,0,"yes",2,10,9,10,0,"no",0,14,17,15
"53.2","GP","F",16,"U","GT3","T",2,2,"other","other","home","mother",1,2,"no","no","no","yes","yes","yes","yes",5,4,4,1,1,5,0,"yes",0,8,7,8,0,"no",0,12,11,11
"79.2","GP","F",16,"U","GT3","T",4,4,"teacher","services","home","mother",1,3,"no","yes","yes","no","yes","yes","no",5,3,2,1,1,5,0,"no",0,13,13,14,0,"no",4,15,16,16
"125.1","GP","F",17,"U","GT3","T",3,4,"services","other","course","mother",1,3,"no","no","no","yes","yes","yes","no",4,4,5,1,3,5,0,"no",16,16,15,15,0,"no",8,11,13,14
"281.3","GP","M",17,"U","GT3","T",3,1,"services","other","other","mother",1,2,"no","no","yes","yes","yes","yes","yes",5,4,4,3,4,5,0,"yes",2,9,9,10,0,"no",0,11,11,14
"364","MS","M",18,"U","GT3","T",4,4,"teacher","teacher","home","father",1,2,"no","no","yes","no","yes","yes","no",3,2,4,1,4,2,0,"yes",4,15,14,14,0,"no",4,17,18,19
"350","MS","F",18,"U","GT3","T",3,3,"services","services","other","mother",2,2,"no","yes","no","yes","yes","yes","yes",4,3,2,1,3,3,0,"no",0,11,11,10,0,"no",6,13,12,13
"51.1","GP","F",16,"U","GT3","T",2,1,"other","other","home","mother",1,1,"no","no","no","yes","yes","yes","yes",4,5,2,1,1,5,0,"no",20,13,12,12,0,"no",4,9,10,10
"152","GP","F",18,"U","GT3","T",2,1,"other","other","course","other",2,3,"no","yes","no","no","yes","yes","yes",4,4,4,1,1,3,0,"yes",0,7,0,0,0,"no",10,12,10,11
"248.1","GP","M",16,"U","GT3","T",4,4,"services","teacher","other","father",1,3,"no","yes","yes","yes","yes","yes","yes",4,4,3,1,1,4,0,"no",0,16,17,17,0,"no",0,16,16,16
"106.1","GP","F",17,"U","GT3","A",4,3,"services","services","course","mother",1,2,"no","yes","no","yes","yes","yes","yes",5,2,2,1,2,5,0,"yes",23,13,13,13,0,"no",14,15,14,17
"45.3","GP","F",16,"U","GT3","A",3,3,"other","other","course","other",2,1,"no","yes","yes","no","yes","yes","yes",4,3,2,1,1,5,2,"no",0,4,0,0,0,"no",4,9,9,10
"144.1","GP","F",18,"R","GT3","T",1,1,"at_home","other","course","mother",3,1,"no","yes","yes","no","yes","no","no",5,2,5,1,5,4,3,"no",6,9,8,10,3,"no",6,11,10,11
"355","MS","M",17,"U","GT3","T",2,3,"other","services","home","father",2,2,"no","no","yes","yes","yes","yes","no",4,4,3,1,1,3,0,"no",2,11,11,10,0,"no",4,14,15,16
"276","GP","M",17,"U","GT3","T",1,1,"other","other","reputation","father",1,2,"no","no","no","no","yes","yes","no",4,3,3,1,2,4,0,"yes",2,12,10,11,0,"no",0,12,12,12
"341.3","MS","F",18,"R","GT3","T",2,2,"at_home","other","other","mother",2,3,"no","no","no","yes","yes","no","no",5,3,3,1,3,4,0,"yes",2,10,9,10,0,"no",0,14,17,15
"147.1","GP","F",18,"R","GT3","T",3,1,"other","other","reputation","mother",1,2,"no","no","yes","yes","yes","yes","yes",5,3,3,1,1,4,1,"no",16,9,8,7,0,"no",4,8,8,8
"113.2","GP","F",17,"U","GT3","T",2,2,"at_home","at_home","course","mother",1,3,"no","yes","yes","yes","yes","yes","no",4,3,3,1,1,4,0,"yes",4,9,10,10,0,"no",0,12,12,13
"110","GP","F",17,"U","GT3","T",1,1,"at_home","services","course","mother",1,2,"no","no","yes","yes","yes","yes","no",5,3,3,1,1,3,0,"no",0,8,8,9,0,"no",0,12,11,12
"49.3","GP","F",16,"U","GT3","T",1,3,"at_home","services","home","mother",1,2,"no","no","yes","no","yes","yes","yes",4,3,5,1,1,3,3,"no",0,8,7,0,0,"no",0,14,13,13
"209","GP","M",15,"U","LE3","T",1,2,"other","at_home","home","father",1,2,"yes","yes","yes","yes","yes","yes","no",4,3,2,1,1,5,0,"no",2,9,10,9,0,"no",0,14,13,14
"30.3","GP","F",15,"U","GT3","T",4,4,"teacher","services","course","mother",1,3,"no","yes","yes","yes","yes","yes","no",4,2,2,1,1,5,0,"yes",2,9,11,11,0,"no",2,13,13,13
"299.2","GP","M",17,"U","LE3","T",4,4,"teacher","other","reputation","mother",1,2,"no","yes","yes","yes","yes","yes","no",4,4,4,1,3,5,0,"yes",0,13,11,10,0,"no",0,11,9,10
"324.1","GP","M",18,"U","LE3","T",3,4,"services","other","home","mother",1,2,"no","no","yes","yes","yes","yes","yes",4,3,3,1,3,5,0,"no",11,16,15,15,0,"no",6,16,16,17
"344","MS","F",18,"R","LE3","T",4,4,"other","other","reputation","mother",2,3,"no","no","no","yes","yes","yes","no",5,4,4,1,1,1,0,"no",0,19,18,19,0,"no",0,15,17,17
"159","GP","F",18,"U","GT3","T",3,3,"services","services","home","mother",1,2,"no","no","yes","yes","yes","yes","no",5,3,4,1,1,4,0,"no",0,7,0,0,0,"no",8,10,11,12
"170.1","GP","F",19,"U","GT3","T",0,1,"at_home","other","course","other",1,2,"no","yes","no","no","no","no","no",3,4,2,1,1,5,3,"no",2,7,8,9,2,"no",0,9,10,11
"32","GP","F",15,"U","LE3","A",3,3,"other","other","other","mother",1,1,"no","no","no","yes","yes","yes","no",5,3,4,4,4,1,0,"yes",6,10,13,13,0,"no",0,13,12,13
"168.4","GP","F",18,"U","LE3","T",3,3,"services","services","home","mother",1,4,"no","yes","no","yes","yes","yes","no",5,3,3,1,1,1,0,"no",7,16,15,17,0,"no",4,14,14,15
"144.2","GP","F",18,"R","GT3","T",1,1,"at_home","other","course","mother",3,1,"no","yes","yes","no","yes","no","no",5,2,5,1,5,4,3,"no",6,9,8,10,3,"no",6,11,10,11
"300","GP","M",18,"R","GT3","T",3,2,"other","other","course","mother",1,3,"no","no","yes","no","yes","no","no",5,3,2,1,1,3,0,"no",1,13,12,12,0,"no",2,10,11,12
"200.2","GP","M",15,"U","GT3","T",4,4,"other","teacher","reputation","father",2,2,"no","yes","yes","yes","yes","no","no",4,4,3,1,1,2,0,"no",2,11,13,14,0,"no",4,16,15,16
"11.1","GP","F",15,"U","GT3","A",4,3,"services","services","reputation","mother",1,2,"no","yes","yes","yes","yes","yes","no",4,3,2,1,1,1,0,"yes",0,14,15,15,0,"no",0,15,14,15
"96","GP","F",17,"R","GT3","T",2,2,"other","other","reputation","mother",1,1,"no","yes","no","yes","yes","yes","no",5,3,2,1,2,3,0,"no",18,7,6,6,0,"no",21,13,13,13
"325.4","GP","M",18,"U","LE3","T",4,3,"teacher","services","course","mother",2,1,"no","no","yes","yes","yes","yes","no",4,2,3,1,2,1,0,"yes",8,10,11,10,0,"no",0,10,10,10
"261.2","GP","M",16,"U","LE3","T",4,2,"teacher","other","course","mother",1,2,"no","no","yes","yes","yes","yes","no",4,5,1,1,3,5,0,"no",2,15,15,16,0,"no",0,12,13,14
"351","MS","F",18,"U","LE3","T",1,1,"at_home","services","course","father",2,3,"no","no","no","yes","yes","yes","no",5,3,2,1,1,4,0,"no",0,18,16,16,0,"no",0,19,17,18
"226.1","GP","M",16,"U","GT3","T",1,0,"other","other","reputation","mother",2,2,"no","yes","yes","yes","yes","yes","yes",4,3,2,1,1,3,0,"yes",2,13,15,16,0,"no",0,16,17,18
"320","GP","M",18,"U","LE3","T",1,1,"other","other","course","mother",1,1,"no","no","no","yes","no","yes","yes",2,3,5,2,5,4,3,"no",0,6,5,0,2,"no",0,11,9,0
"185.4","GP","M",15,"U","GT3","T",2,3,"other","other","home","mother",1,3,"yes","no","no","no","yes","yes","no",5,3,2,1,2,5,0,"yes",4,11,10,11,0,"no",2,10,9,9
"56.1","GP","F",16,"U","GT3","T",2,2,"services","other","reputation","mother",2,2,"no","no","yes","no","yes","yes","no",3,4,4,1,4,5,0,"yes",2,13,13,11,0,"no",0,13,12,14
"231.1","GP","M",16,"U","GT3","T",2,3,"other","other","home","father",2,1,"no","no","no","yes","yes","yes","no",5,3,3,1,1,3,0,"no",0,13,14,14,0,"no",0,13,12,12
"85.2","GP","F",16,"U","LE3","T",2,2,"other","other","home","mother",2,2,"no","yes","yes","no","yes","yes","yes",3,3,3,1,2,3,1,"no",25,7,10,11,0,"no",16,11,11,10
"66","GP","F",16,"U","GT3","T",3,3,"other","services","home","mother",1,2,"yes","yes","yes","yes","yes","yes","no",4,3,3,2,4,5,0,"yes",54,11,12,11,0,"no",4,11,11,11
"6.1","GP","F",15,"R","GT3","T",3,4,"services","health","course","mother",1,3,"yes","yes","yes","yes","yes","yes","no",4,3,2,1,1,5,0,"yes",2,12,12,11,0,"no",2,11,12,12
"68","GP","F",16,"U","GT3","T",4,2,"health","services","home","father",1,2,"no","no","no","yes","yes","yes","yes",4,2,3,1,1,3,0,"yes",0,14,15,16,0,"no",0,17,17,18
"191.1","GP","M",15,"U","GT3","T",4,2,"health","services","other","mother",1,1,"no","no","no","yes","yes","yes","no",2,2,4,2,4,1,0,"yes",4,15,16,15,0,"no",0,11,11,11
"213.1","GP","M",15,"U","LE3","T",4,2,"teacher","other","course","mother",1,1,"no","no","no","yes","yes","yes","no",3,5,2,1,1,3,0,"no",10,18,19,19,0,"no",10,18,17,18
"194","GP","M",15,"U","GT3","T",4,3,"teacher","other","course","mother",2,2,"no","yes","no","yes","yes","yes","no",5,4,3,1,2,3,0,"yes",2,10,10,11,0,"no",0,12,12,13
"164","GP","F",18,"U","GT3","T",4,4,"teacher","other","course","mother",1,2,"no","yes","no","yes","yes","yes","no",4,4,4,3,3,5,0,"yes",2,11,11,11,0,"no",0,12,11,13
"293","GP","M",17,"U","LE3","T",2,2,"other","other","home","father",1,2,"no","no","yes","no","yes","yes","yes",4,4,2,5,5,4,0,"yes",4,14,13,13,0,"no",0,16,16,16
"148","GP","F",18,"R","GT3","T",4,4,"teacher","other","reputation","mother",2,2,"no","no","yes","yes","yes","yes","no",4,3,4,2,2,4,0,"yes",8,12,10,11,0,"no",8,10,11,12
"7.2","GP","F",15,"R","GT3","T",3,4,"services","teacher","course","father",2,3,"no","yes","no","yes","yes","yes","yes",4,2,2,2,2,5,2,"no",0,12,0,0,0,"no",0,10,11,12
"342","MS","F",18,"R","GT3","T",4,4,"other","teacher","other","father",3,2,"no","yes","no","no","yes","yes","yes",3,2,2,4,2,5,0,"yes",10,14,12,11,0,"no",0,7,5,0
"231.2","GP","M",16,"U","GT3","T",2,3,"other","other","home","father",2,1,"no","no","no","yes","yes","yes","no",5,3,3,1,1,3,0,"no",0,13,14,14,0,"no",0,13,12,12
"19.1","GP","F",15,"U","GT3","T",2,3,"other","other","other","father",2,1,"no","yes","yes","yes","yes","no","no",3,5,1,1,1,5,0,"no",0,8,7,6,0,"no",4,11,11,11
"352.2","MS","F",18,"U","LE3","T",3,1,"teacher","services","course","mother",1,2,"no","yes","no","yes","yes","yes","no",4,3,4,1,1,1,0,"yes",0,7,9,8,0,"no",4,15,15,16
"159.1","GP","F",18,"U","GT3","T",3,3,"services","services","home","mother",1,2,"no","no","yes","yes","yes","yes","no",5,3,4,1,1,4,0,"no",0,7,0,0,0,"no",8,10,11,12
"291.1","GP","M",17,"U","LE3","A",4,1,"services","other","home","mother",2,1,"no","no","yes","yes","yes","yes","yes",4,5,4,2,4,5,0,"yes",30,8,8,8,0,"no",22,11,11,10
"305.2","GP","M",18,"U","GT3","T",2,1,"other","other","home","mother",1,2,"no","no","yes","yes","yes","yes","no",5,2,4,1,2,4,0,"no",8,15,14,14,0,"no",2,16,16,16
"96.1","GP","F",17,"R","GT3","T",2,2,"other","other","reputation","mother",1,1,"no","yes","no","yes","yes","yes","no",5,3,2,1,2,3,0,"no",18,7,6,6,0,"no",21,13,13,13
"205","GP","M",15,"U","LE3","A",2,1,"services","other","course","mother",4,1,"no","no","no","yes","yes","yes","no",4,5,5,2,5,5,3,"no",0,8,9,10,0,"no",0,12,11,11
"253.2","GP","M",16,"U","LE3","A",4,4,"teacher","health","reputation","mother",1,2,"no","yes","no","yes","yes","no","no",4,1,3,3,5,5,0,"no",18,8,6,7,0,"no",6,9,9,10
"315","GP","M",18,"U","GT3","T",4,3,"teacher","other","course","mother",1,3,"no","yes","no","yes","yes","yes","yes",5,4,5,2,3,5,0,"yes",0,10,10,9,0,"no",0,14,13,14
"137.1","GP","F",17,"U","LE3","T",2,2,"services","services","course","father",1,4,"no","no","yes","yes","yes","yes","yes",3,4,1,1,1,2,0,"yes",0,10,9,0,0,"no",2,10,11,12
"263.1","GP","M",16,"U","LE3","T",4,3,"services","other","reputation","mother",1,2,"no","yes","yes","yes","yes","yes","no",5,4,2,1,2,5,0,"yes",10,15,15,15,0,"no",6,12,12,13
"242","GP","M",16,"U","GT3","T",4,3,"health","services","reputation","mother",1,4,"no","no","yes","yes","yes","yes","no",4,2,2,1,1,2,0,"no",4,19,19,20,0,"no",2,17,17,17
"55","GP","F",16,"U","GT3","T",2,2,"other","other","reputation","mother",1,4,"no","no","no","yes","yes","yes","yes",5,2,3,1,3,3,0,"yes",0,11,11,11,0,"no",1,13,13,13
"1.3","GP","F",15,"R","GT3","T",1,1,"at_home","other","home","mother",2,4,"yes","yes","yes","yes","yes","yes","no",3,1,2,1,1,1,1,"yes",2,7,10,10,0,"yes",4,13,13,13
"226.2","GP","M",16,"U","GT3","T",1,0,"other","other","reputation","mother",2,2,"no","yes","yes","yes","yes","yes","yes",4,3,2,1,1,3,0,"yes",2,13,15,16,0,"no",0,16,17,18
"123.1","GP","F",17,"U","GT3","T",3,3,"other","other","home","mother",1,3,"no","no","yes","no","yes","no","no",3,2,3,1,1,4,0,"no",4,10,9,9,0,"no",2,15,12,13
"30.4","GP","F",15,"U","GT3","T",4,4,"teacher","services","course","mother",1,3,"no","yes","yes","yes","yes","yes","no",4,2,2,1,1,5,0,"yes",2,9,11,11,0,"no",2,13,13,13
"67","GP","F",16,"U","GT3","T",3,4,"at_home","other","course","mother",1,2,"no","yes","no","yes","yes","yes","no",2,4,3,1,2,3,0,"no",12,5,5,5,0,"no",14,12,11,11
"273.2","GP","M",17,"R","LE3","T",1,1,"other","services","course","mother",4,2,"no","no","yes","yes","no","no","yes",5,3,5,1,5,5,3,"no",0,5,8,7,0,"no",0,8,8,8
"331.2","GP","M",22,"U","GT3","T",3,1,"services","services","other","mother",1,1,"no","no","no","no","no","yes","yes",5,4,5,5,5,1,3,"no",16,6,8,8,3,"no",12,7,8,5
"176","GP","M",15,"R","GT3","T",3,4,"at_home","teacher","course","mother",4,2,"no","yes","no","yes","yes","no","yes",5,3,3,1,1,5,0,"no",0,9,0,0,0,"no",2,12,11,11
"243.2","GP","M",16,"U","GT3","T",4,3,"teacher","other","home","mother",1,2,"no","yes","yes","yes","yes","yes","no",3,4,3,2,3,3,0,"yes",10,9,8,8,0,"yes",4,11,10,11
"307","GP","M",18,"U","GT3","T",2,1,"services","services","reputation","mother",1,3,"no","no","yes","yes","yes","yes","no",4,2,4,1,3,2,0,"yes",6,15,14,14,0,"no",0,14,15,15
"237.1","GP","M",16,"U","GT3","T",3,3,"other","services","course","father",1,2,"no","yes","no","yes","yes","yes","yes",4,5,5,4,4,5,1,"yes",4,10,12,12,1,"no",0,10,10,1
"331.3","GP","M",22,"U","GT3","T",3,1,"services","services","other","mother",1,1,"no","no","no","no","no","yes","yes",5,4,5,5,5,1,3,"no",16,6,8,8,3,"no",12,7,8,5
"16.1","GP","F",15,"U","GT3","T",1,2,"at_home","services","course","mother",1,2,"no","no","no","no","yes","yes","no",3,2,3,1,2,1,0,"no",2,16,15,15,0,"no",0,14,14,14
"32.1","GP","F",15,"U","LE3","A",3,3,"other","other","other","mother",1,1,"no","no","no","yes","yes","yes","no",5,3,4,4,4,1,0,"yes",6,10,13,13,0,"no",0,13,12,13
"167","GP","F",18,"U","LE3","T",2,2,"other","other","home","other",1,2,"no","no","yes","no","yes","yes","yes",4,3,3,1,1,2,0,"no",0,8,8,0,0,"no",0,10,9,12
"100.2","GP","F",17,"R","LE3","T",2,2,"services","services","course","mother",1,3,"no","yes","yes","yes","yes","yes","no",3,3,2,2,2,3,0,"yes",3,11,11,11,0,"no",0,11,11,10
"211","GP","M",15,"U","LE3","T",2,2,"services","services","home","mother",2,2,"no","no","yes","yes","yes","yes","no",5,3,3,1,3,4,0,"yes",4,15,15,15,0,"yes",2,13,12,13
"69.2","GP","F",16,"U","GT3","T",4,2,"services","other","course","mother",1,2,"no","yes","no","yes","yes","yes","no",4,2,3,1,1,5,0,"no",2,15,16,16,0,"yes",2,16,15,16
"188","GP","M",15,"U","GT3","T",3,4,"other","other","reputation","father",1,1,"no","no","no","yes","yes","yes","no",3,4,3,1,2,4,0,"no",6,14,13,13,0,"no",2,14,13,14
"297.1","GP","M",17,"U","LE3","T",4,4,"other","teacher","home","father",2,1,"no","no","no","yes","yes","yes","no",4,1,1,2,2,5,0,"yes",0,11,11,10,0,"no",0,12,13,13
"301.1","GP","M",18,"R","GT3","T",4,3,"teacher","services","course","mother",1,3,"no","no","no","yes","yes","yes","yes",5,3,2,1,2,4,0,"no",9,16,15,16,0,"no",4,15,14,17
"52.1","GP","F",16,"U","GT3","T",2,2,"at_home","other","home","mother",1,2,"yes","no","yes","yes","yes","yes","no",3,1,2,1,1,5,1,"no",6,10,13,13,1,"no",12,8,10,10
"55.1","GP","F",16,"U","GT3","T",2,2,"other","other","reputation","mother",1,4,"no","no","no","yes","yes","yes","yes",5,2,3,1,3,3,0,"yes",0,11,11,11,0,"no",1,13,13,13
"187.1","GP","M",15,"U","GT3","T",3,4,"other","other","home","mother",1,2,"no","yes","yes","yes","yes","yes","no",5,5,1,1,1,5,0,"yes",0,14,15,15,0,"no",0,12,12,13
"42.1","GP","F",16,"U","GT3","A",2,1,"other","other","other","mother",1,2,"no","no","yes","yes","yes","yes","yes",5,3,4,1,1,2,0,"yes",8,8,9,10,0,"no",2,12,13,12
"276.1","GP","M",17,"U","GT3","T",1,1,"other","other","reputation","father",1,2,"no","no","no","no","yes","yes","no",4,3,3,1,2,4,0,"yes",2,12,10,11,0,"no",0,12,12,12
"236","GP","M",16,"U","GT3","T",3,3,"at_home","other","reputation","other",3,2,"yes","yes","no","no","yes","yes","no",5,3,3,1,3,2,0,"no",6,7,10,10,1,"no",4,9,11,10
"370","MS","M",19,"R","GT3","T",1,1,"other","services","other","mother",2,1,"no","no","no","yes","yes","no","no",4,3,2,1,3,5,1,"no",0,6,5,0,1,"no",0,5,8,0
"115.1","GP","F",17,"U","GT3","T",2,2,"other","other","course","mother",1,2,"no","yes","no","yes","yes","no","yes",4,2,2,1,1,3,0,"no",12,11,9,9,0,"no",4,14,13,13
"234.2","GP","M",16,"U","GT3","T",3,2,"at_home","other","reputation","mother",2,3,"no","no","yes","yes","yes","yes","yes",5,3,3,1,3,2,0,"no",10,11,9,10,0,"no",0,12,12,12
"217.1","GP","M",16,"R","GT3","A",4,4,"other","teacher","reputation","mother",2,3,"no","yes","yes","yes","yes","yes","yes",2,4,3,1,1,5,0,"no",7,15,16,15,0,"no",4,13,13,13
"317.1","GP","M",18,"U","GT3","T",4,4,"teacher","services","home","father",1,2,"no","yes","yes","yes","yes","yes","no",4,3,3,2,2,2,1,"no",0,10,10,0,0,"no",0,12,12,13
"191.2","GP","M",15,"U","GT3","T",4,2,"health","services","other","mother",1,1,"no","no","no","yes","yes","yes","no",2,2,4,2,4,1,0,"yes",4,15,16,15,0,"no",0,11,11,11
"92","GP","F",16,"U","LE3","T",4,4,"teacher","teacher","reputation","mother",1,2,"no","yes","no","yes","yes","yes","no",4,5,2,1,2,3,0,"yes",0,9,9,10,0,"no",0,11,10,11
"345.1","MS","F",18,"R","LE3","T",4,4,"teacher","services","course","mother",1,2,"no","no","yes","yes","yes","yes","no",5,4,3,3,4,2,0,"yes",4,8,9,10,0,"no",1,13,14,14
"333.2","MS","F",17,"R","GT3","T",1,2,"other","other","course","mother",1,1,"no","no","yes","yes","yes","yes","no",3,5,5,1,3,1,0,"no",14,6,5,5,0,"no",4,7,8,9
"311","GP","M",18,"U","GT3","T",3,2,"services","other","course","mother",2,1,"no","no","no","yes","no","yes","no",4,4,5,2,4,5,1,"no",0,6,8,8,0,"no",8,7,8,7
"299.3","GP","M",17,"U","LE3","T",4,4,"teacher","other","reputation","mother",1,2,"no","yes","yes","yes","yes","yes","no",4,4,4,1,3,5,0,"yes",0,13,11,10,0,"no",0,11,9,10
"113.3","GP","F",17,"U","GT3","T",2,2,"at_home","at_home","course","mother",1,3,"no","yes","yes","yes","yes","yes","no",4,3,3,1,1,4,0,"yes",4,9,10,10,0,"no",0,12,12,13
"337.2","MS","F",17,"U","GT3","T",2,2,"other","at_home","home","mother",1,3,"no","no","yes","yes","yes","no","yes",3,4,3,1,1,3,0,"no",8,13,11,11,0,"no",8,10,11,12
"315.1","GP","M",18,"U","GT3","T",4,3,"teacher","other","course","mother",1,3,"no","yes","no","yes","yes","yes","yes",5,4,5,2,3,5,0,"yes",0,10,10,9,0,"no",0,14,13,14
"31.1","GP","F",15,"U","GT3","T",4,4,"teacher","teacher","course","mother",2,1,"no","no","yes","yes","yes","yes","no",4,3,2,1,1,5,0,"no",0,16,16,15,0,"no",6,13,14,14
"127","GP","F",17,"U","GT3","T",4,3,"health","other","reputation","mother",1,3,"no","yes","yes","yes","yes","yes","yes",4,4,3,1,3,4,0,"yes",0,13,15,15,0,"no",0,11,12,13
"160.1","GP","F",18,"U","GT3","T",4,3,"other","other","course","mother",1,3,"no","yes","yes","yes","yes","yes","yes",4,3,4,1,1,5,0,"yes",9,9,10,9,0,"no",2,14,15,17
"129.1","GP","F",17,"U","GT3","T",4,3,"other","other","reputation","mother",1,2,"no","no","no","yes","yes","yes","yes",3,4,5,2,4,1,2,"yes",22,6,6,4,0,"no",16,11,9,10
"162.2","GP","F",18,"U","GT3","T",4,3,"services","other","home","father",1,2,"no","yes","no","yes","yes","yes","yes",3,1,2,1,3,2,0,"yes",21,17,18,18,0,"no",2,15,15,15
"357.2","MS","M",17,"U","LE3","T",3,1,"services","services","course","mother",2,1,"no","no","no","no","yes","yes","no",2,4,5,3,4,2,0,"no",3,14,16,16,0,"no",6,10,10,10
"219.1","GP","M",16,"R","GT3","T",2,2,"at_home","other","course","mother",3,1,"no","no","no","no","yes","no","no",4,2,2,1,2,3,0,"no",2,17,15,15,0,"no",4,12,10,11
"355.1","MS","M",17,"U","GT3","T",2,3,"other","services","home","father",2,2,"no","no","yes","yes","yes","yes","no",4,4,3,1,1,3,0,"no",2,11,11,10,0,"no",4,14,15,16
"247","GP","M",16,"U","GT3","T",4,4,"services","services","other","mother",1,1,"yes","yes","yes","yes","yes","yes","no",4,5,5,5,5,4,0,"yes",14,7,7,5,0,"no",12,9,9,8
"59","GP","F",16,"U","GT3","T",2,3,"services","services","course","mother",1,2,"no","no","no","yes","yes","yes","no",4,3,3,1,1,2,0,"no",10,11,12,13,0,"no",6,12,12,13
"361","MS","M",18,"R","GT3","T",4,2,"other","other","home","father",2,1,"no","no","no","yes","yes","no","no",5,4,3,4,3,3,1,"yes",14,6,5,5,1,"yes",0,7,7,0
"146.3","GP","F",18,"R","GT3","T",2,2,"at_home","other","course","mother",2,4,"no","no","yes","yes","yes","no","no",4,4,4,1,1,4,0,"no",0,10,9,0,0,"no",6,14,13,14
"106.2","GP","F",17,"U","GT3","A",4,3,"services","services","course","mother",1,2,"no","yes","no","yes","yes","yes","yes",5,2,2,1,2,5,0,"yes",23,13,13,13,0,"no",14,15,14,17
"209.1","GP","M",15,"U","LE3","T",1,2,"other","at_home","home","father",1,2,"yes","yes","yes","yes","yes","yes","no",4,3,2,1,1,5,0,"no",2,9,10,9,0,"no",0,14,13,14
"248.2","GP","M",16,"U","GT3","T",4,4,"services","teacher","other","father",1,3,"no","yes","yes","yes","yes","yes","yes",4,4,3,1,1,4,0,"no",0,16,17,17,0,"no",0,16,16,16
"348","MS","F",18,"U","GT3","T",3,3,"other","other","home","mother",1,2,"no","no","no","yes","yes","yes","yes",4,1,3,1,2,1,0,"yes",0,15,15,15,0,"no",1,16,16,16
"155.1","GP","F",18,"U","GT3","T",2,2,"at_home","services","home","mother",1,3,"no","yes","yes","yes","yes","yes","yes",4,3,3,1,1,3,0,"yes",0,9,10,0,0,"no",0,11,12,13
"183","GP","M",15,"U","GT3","T",2,2,"services","services","course","father",1,1,"yes","yes","no","yes","yes","yes","no",5,4,1,1,1,1,0,"no",0,8,8,11,0,"no",0,9,10,10
"324.2","GP","M",18,"U","LE3","T",3,4,"services","other","home","mother",1,2,"no","no","yes","yes","yes","yes","yes",4,3,3,1,3,5,0,"no",11,16,15,15,0,"no",6,16,16,17
"110.1","GP","F",17,"U","GT3","T",1,1,"at_home","services","course","mother",1,2,"no","no","yes","yes","yes","yes","no",5,3,3,1,1,3,0,"no",0,8,8,9,0,"no",0,12,11,12
"291.2","GP","M",17,"U","LE3","A",4,1,"services","other","home","mother",2,1,"no","no","yes","yes","yes","yes","yes",4,5,4,2,4,5,0,"yes",30,8,8,8,0,"no",22,11,11,10
"64","GP","F",16,"U","GT3","T",3,3,"other","other","home","mother",1,3,"no","yes","no","yes","yes","yes","yes",4,3,3,1,3,4,0,"yes",0,7,7,8,0,"no",2,9,11,11
"59.1","GP","F",16,"U","GT3","T",2,3,"services","services","course","mother",1,2,"no","no","no","yes","yes","yes","no",4,3,3,1,1,2,0,"no",10,11,12,13,0,"no",6,12,12,13
"365.1","MS","M",18,"U","LE3","T",1,1,"other","services","home","father",2,1,"no","no","no","no","yes","yes","yes",3,3,2,1,2,3,0,"no",4,10,10,10,0,"no",2,14,13,14
"358.1","MS","M",18,"R","GT3","T",1,3,"at_home","other","course","mother",2,2,"no","yes","no","yes","yes","no","no",3,3,4,2,4,3,0,"yes",4,10,10,10,0,"yes",0,8,10,9
